難易度,曲名　　　　　　　　　　 　　  　　  　  (ギミック),,,,,,定数,地,密,瞬,究,終,技,計,　 BPM　 (跳),,演奏時間,ひとこと
37,FALSE,ヤミナベ!!!!,,ソ,敷,交,37.9,9,6,5,5,5,3,33,174-300,▲,2:06.47,圧倒的BPMと速度変化が特徴。運指を組むことで一番太刀打ちの利く37でもある
,FALSE,人生,,ソ,敷,交,37.8,10,6,4,4,5,3,32,142-185,△,2:22.81,地力譜面をめちゃくちゃに突き詰めたみたいな譜面。今からでもトレース終点にしません？
,FALSE,What's up? Pop!,,,敷,交,37.8,10,6,5,4,4,3,32,170-230,,2:35.54,ついに解禁されてしまった4本指必須譜面。BPM400の16分でくの字って何事なの？
36,FALSE,the EmpErroR,,,,,36.0,9,6,5,3,2,3,28,240,,2:04.50,高速耐性と技術両方が必要。BPM240でフリック直後にタップ置いてくるのマジで何なんだ...
35,FALSE,Don't Fight The Music,,,敷,交,35.9,10,2,5,4,2,4,27,25-200,,2:36.16,技術全ブッパな譜面。指押しなどが苦手だと苦しいが、BPMは比較的遅めで詰めやすいかも
,FALSE,マシンガンポエムドール,,,,,35.9,10,6,3,3,2,3,27,220,,2:15.00,35だ35だと言われ続けついに昇格...どころか、35の曲プールの中でも最強格の地力譜面
,FALSE,腐れ外道とチョコレゐト,,,敷,交,35.8,8,6,4,2,3,3,26,260,,2:09.46,エンドマに比べると長いトリルこそないがフリックの精度が非常に求められる。待望の昇格
,FALSE,初音ミクの消失,,,,交,35.7,8,3,4,3,5,2,25,240,,2:20.50,配置自体は基本的な折り返し4kだがそれが難しい。指押しに移動終点を混ぜるんじゃあないよ......
,FALSE,エンドマークに希望と涙を添えて,,,,,35.6,7,7,5,1,2,2,24,257,,2:15.18,理論上2本指レギュの中でも最高峰の物量を誇る。最低限の4k地力も求められたりはするぞ
,FALSE,六兆年と一夜物語,,,,,35.6,5,4,5,5,2,3,24,93-186,,1:59.84,実は指押しに逃げられる箇所が意外とないので、運指を組んでおくことがかなり求められる
,FALSE,怪獣になりたい,,ソ,敷,多,35.5,4,5,6,4,1,3,23,220,,1:58.27,本当に2本指の理論値みたいな譜面。16分叩きつつトレースの移動と要求ハンドスピードがあり得ない
34,FALSE,初音ミクの激唱,,,,,34.9,10,6,2,5,1,2,26,200,▲,2:36.83,34の中で唯一指押しが想定運指であろう譜面。発狂に同時押しがないので研究で太刀打ちも可能
,FALSE,ネクラチューンサーカス,,ソ,敷,多,34.7,7,7,3,2,1,4,24,164-254,,2:00.07,トレース難の極致みたいな譜面。そもそものBPMがかなり早く、対応できるかによって個人差も大きい
,FALSE,おぎゃりないざー,,ソ,敷,交,34.7,6,7,5,2,2,2,24,140-310,▲,2:02.73,激唱が技巧系であるのに対し、こちらはハンドスピードが重視される。癖をつけない程度に詰めたい
,FALSE,0.0000034,,ソ,敷,交,34.5,5,7,3,1,2,3,21,239,▲,2:28.37,追いつくフィジカルのみならず、エイム力が必要。目線を落としたり指を極力重ねないなど工夫しよう
,FALSE,ダイジョブですか？,,ソ,敷,交,34.5,6,5,4,2,1,3,21,151-254,,2:22.71,それなりの高BPMに技術を織り交ぜた譜面で総合力が求められる。耐性が1つ欠けているとしんどい
,FALSE,ÅMARA(大未来電脳),,,敷,交,34.4,3,4,2,5,3,3,20,112-400,▲,2:31.55,なんか修正されて遅ズレが治ったとともに最高BPMを更新してしまった。研究にマジで命をかけよう
,FALSE,メモリア,ソ,敷,交,多,34.3,6,5,3,2,1,2,19,205,,2:33.95,2本指で本当にギリギリなんとかなる譜面。交互想定のデカノーツ配置もあるので完全多指も厳しい
33,FALSE,初音天地開闢神話,,,,,33.8,10,5,3,3,3,2,26,240,▲,2:56.25,譜面こそ素直なものの、とんでもない長さや物理難が災いするため持久力がないとしんどい
,FALSE,MarbleBlue.,,ソ,敷,交,33.6,8,4,5,3,1,2,23,198.22,,2:32.41,ラスト発狂が難しく、24分はほぼヤミナベ終盤16分くらいの速さ。ここだけでかなり個人差が生まれる
,FALSE,ぼくらの16bit戦争,,,,交,33.5+,4,3,2,5,5,3,22,122,,2:24.47,曲全体を通してエイム力や運指研究が必至。Bメロは同時押しの場所を覚えておくと崩れにくい
,FALSE,ゴーストルール,,,,,33.5+,6,5,3,5,1,2,22,210,,2:18.71,必要な地力やエイム力が旧32の中でも高いが、物量的には33の中でも中堅的な立ち位置に落ち着く
,FALSE,トレジャーガーデン,,ソ,敷,交,33.5,3,7,5,2,2,2,21,268,,2:04.70,基本最高BPMを更新。とにかくフィジカルに振られており、黄色連打が左始動なのが苦しいかも
,FALSE,生命性シンドロウム,,ソ,敷,交,33.5,5,7,4,1,2,2,21,225-270,,2:07.39,基本BPM225の圧倒的物量と同時押しの量...！！！いかにリズムキープしつつ対処できるかが鍵
,FALSE,ロストワンの号哭,,,,,33.5,6,4,2,5,2,2,21,162,,1:42.96,認識難譜面とはいえど、その上でしっかり地力やエイム要素がかなり重い。最後まで気が抜けない...
,FALSE,嬢王,,ソ,敷,交,33.4,6,5,5,2,1,1,20,150-200,,2:19.64,33の中では一番直感的に叩ける譜面。BPM300の16分相当13打やBPM400の16分5打混じりのラスト...
,FALSE,超ナイト・オブ・ナイツ,ソ,敷,交,多,33.4,5,5,3,3,1,3,20,193,,2:03.47,24分やフリックの要求量が尋常じゃない。高速D/N/A配置のアレ終点フリックなの勘弁して！！！！
,FALSE,プラネットヒーロー,,ソ,敷,交,33.4,7,6,3,1,1,2,20,200,,1:56.55,連打の中に紛れる4kや24分7打など難所はあるが、新レギュで認識難がほぼなく、とても素直な譜面
,FALSE,Internet Junk Junkie,,ソ,敷,多,33.2+,6,5,2,2,1,2,18,165-205,,2:00.29,8分フリックと縦連を見切る力があれば最低限の地力で突破できる。ボカロ音ゲーで鳴っていい音...？
,FALSE,天藍のアイスヘヴン,,,敷,交,33.2,4,5,4,2,1,1,17,214,,2:08.97,APを狙うのであれば間奏以外をまずすべて安定させるべし。33の中では求められる要素が少なめ
,FALSE,SAN値直葬,,,,敷,33.0,2,2,3,4,2,2,15,168-336,,2:22.72,譜面修正で最高BPMを抜かれた。要求地力は少なめで研究要素はズル可。336の16分が少々重い
32,FALSE,星界ちゃんと可不ちゃんのおつかい合騒曲,,,,,32.9+,8,7,5,2,3,4,29,220,,2:29.18,1サビのフリックは真上にめっちゃ動かすかすぐ離すかの2択。シンプルに忙しく体力勝負
,FALSE,拝啓ドッペルゲンガー,,,,,32.9+,10,6,5,3,2,2,28,181,△,2:27.35,六兆年のものとあまり速さが変わらない高速トリルや16分からの同時押しが多く、かなりの個人差
,FALSE,ヒバナ -Reloaded-,,,,,32.9,8,5,6,3,3,2,27,200,,1:33.00,初期からあった譜面にも関わらず、未だにあそこまでゴリゴリの5鍵指押しが飛んでくる32これだけ
,FALSE,セツナトリップ,,ソ,敷,交,32.9,8,5,5,3,3,2,26,145,,2:32.14,初披露より圧倒的に下方修正を食らい楽しさは増した。ラスサビのゴリ押しは強化されておりムズい
,FALSE,ドクター＝ファンクビート,,,,,32.7+,5,4,4,3,4,3,23,150,▲,2:01.20,本来BPMは300(ソース:作曲者本人)。とてもクセが強く間奏発狂はかなりの難易度を誇る
,FALSE,Brand New Day,,,,,32.7+,9,5,3,3,1,2,23,185,,2:08.11,ゴリ4kもマジで珍しいよ......認識難は様々な運指が見込めるので自分に合ったものを見つけよう
,FALSE,CIRCUS PANIC!!!,,,,ソ,32.7,6,4,6,2,2,2,22,136-166,◎,2:15.36,やはりラストのBPM249の16分相当25打がAPカッター。他もほぼほぼフィクサー同等の忙しさ
,FALSE,フューチャー・イヴ,,,,,32.7,7,5,4,3,1,2,22,190,,2:29.45,1サビ前やラストなど認識が難しい部分や24分、ラスサビの4k配置などさまざまな技術を要する
,FALSE,チルドレンレコード,,,,,32.6,5,6,3,3,3,1,21,210,,2:03.00,BPM210でやってはいけない高密度配置な上、単ノーツも混じるためなかなか視認が苦しい
,FALSE,脳漿炸裂ガール,,,,,32.6,4,4,3,5,3,2,21,155,,2:20.52,大会決勝初見曲。運指構築をすればするほど安定感自体は増すが、簡単というわけではマジでない
,FALSE,トンデモワンダーズ,,,,,32.6,4,3,4,4,4,2,21,160-180,,1:59.27,基本BPMは172。認識難+ゴリ押しの要素を持つ局所難は現環境だとかなりアホな配置になっている
,FALSE,インビジブル,,,,,32.5+,6,5,3,3,1,2,20,192,,2:17.97,32入門と言われていたが、ある程度の立場を確立している模様。間奏のスライドは端まで行く必要ナシ
,FALSE,テオ,,,,,32.5+,6,4,3,2,3,2,20,185,,1:48.97,32の中でも取り組みやすいほう...だったが、新レギュ譜面にかなりラクな譜面が増えてきた
,FALSE,千本桜,,,,,32.4+,3,2,1,4,5,3,18,154,,1:59.61,初期譜面のヤバさが下の譜面の追加によってかなり浮き彫りになってきた......小粒終点がマジでむずい
,FALSE,folern,,,,敷,32.4,4,4,4,2,1,2,17,200,,2:17.10,基本的にずっと物量をこなす譜面。下の譜面が拡充されたことにより、.4の格を得た
,FALSE,IMAWANOKIWA,,ソ,交,多,32.4,4,4,2,3,2,2,17,178,,2:12.47,サビに存在する混フレや、誘導に乗った上での認識難など、かなり総合力が求められる。20分連打も...
,FALSE,ウィーアーピコピコハンマーズ!!!!,ソ,敷,交,多,32.3+,4,5,2,2,2,1,16,202,,2:00.00,とにかく物量に振られており、間奏地帯のリズムも難しい。フィジカルさえあればなんとかなるかも
,FALSE,フィクサー,,,,,32.3+,5,4,2,1,2,2,16,135,◎,1:57.33,ロウワーの認識難をほぼ全てゴリ押しに変えましたみたいな譜面。忙しく微縦連が苦手だとキツい
,FALSE,ビターチョコデコレーション,,,,,32.3+,4,3,2,3,3,1,16,174,,2:04.83,くの字配置がかなり多く慣れるまで苦しい。だがマスターできれば多くの譜面で応用が可能となる
,FALSE,Sage,,,敷,交,32.3,2,2,3,3,3,2,15,145,,2:23.79,「譜面理解」がウルトラスーパーアルティメット物を言う譜面。長い24分は右手を軸に叩こう
,FALSE,熱異常,,,,ソ,32.3,3,4,2,2,1,3,15,183,,1:58.69,同じことをひたすら繰り返させられるゲシュタルト崩壊譜面。サビは癖がつくと非常にマズい
,FALSE,厨病激発ボーイ,,ソ,敷,交,32.3,4,4,2,2,1,2,15,180-190,,2:05.61,12分音符地帯だけBPMが10下がるぞ！！！配置自体はトレースフリック以外大体31でもよく見る
,FALSE,おどりゃんせ,,,,,32.3,4,4,2,2,2,1,15,172,,2:05.58,最近の譜面では珍しく、文字以外のギミックが全くない。地力配置は結構旧レギュ時代の片鱗を感じる
,FALSE,マンハッタン,,ソ,敷,交,32.2+,3,3,2,2,2,2,14,140,◎,2:06.86,中盤の演出暴れすぎ！24分微縦連は控えめに、認識が難しい交互押しは対策しておく必要がある
,FALSE,超最終鬼畜妹フランドール・Ｓ,,,,ソ,32.2+,3,4,3,1,2,1,14,210,,1:58.00,終盤は縦連がかなり混じってくるため、しっかりと物量耐性が求められる。配置自体はまあまあ素直
,FALSE,バグ,,,,,32.2+,2,1,2,3,3,3,14,186,,2:03.55,初見APが数名出ている事実こそバグです。少し仕様と戦う側面があり、後半の認識難の運指にも注意
,FALSE,プロトディスコ,,,ソ,敷,32.2,2,3,3,2,1,2,13,140,◎,2:05.14,BPM140の低速ハネの総合力が求められるイメージ。リズムの理解やロウワーもどき、微縦連が総動員
,FALSE,シルバーコレクター,,,ソ,交,32.1+,2,1,4,2,1,2,12,180,,2:06.67,ザ・爽快譜面。くの字4往復が存在するなど要求地力も高めだが、意外とその場のノリで凌げるかも
,FALSE,snooze,,ソ,敷,交,32.0,1,2,3,2,1,1,10,150,,2:01.60,例の縦連はトレースをなぞる手を覚えるべし。縦連や混フレも31までを順当にやれば対処可能なはず
31,FALSE,グリーンライツ・セレナーデ,,,,,31.9,10,6,4,2,2,2,26,200,,1:53.00,Omoi氏の曲両方むずい。テオほどのキツい配置というわけではないが物量が増えている
,FALSE,ポジティブ☆ダンスタイム,,,,,31.9,9,7,4,2,3,1,26,210,,1:49.14,むずくてネガティブ★台パンタイムになる。短ホールド絡みの配置は縦連を意識しよう
,FALSE,ジャンキーナイトタウンオーケストラ,,,,,31.9,8,4,4,3,5,2,26,145,,2:18.21,元30だが、現環境の曲を見ると31最上位というところまで登り詰めている。当時の30はおかしかった
,FALSE,カゲロウデイズ,,,,,31.8+,9,6,5,2,1,2,25,200,,2:18.60,全体的に見れば素直な地力譜面であるが局所でゴリ押しor指押しが求められる。あと長いしんどい
,FALSE,ネトゲ廃人シュプレヒコール,,,,,31.8+,10,6,2,3,3,1,25,175,,2:19.89,地力と譜面への対応力が求められる。2連打する指を決めておくのが攻略への最短ルート
,FALSE,オルターエゴ,,,,,31.8+,7,4,5,3,4,2,25,176,,2:26.93,転調前と転調後でハッキリと難易度が変わるように感じる。曲が結構長くてツラいポイントの一つ
,FALSE,地球最後の告白を,,,,,31.8+,7,5,5,4,2,2,25,140-190,,2:03.97,他の認識難配置とは一線を画している配置がある。他にも指押し推奨配置や最後の同時などの難所も
,FALSE,心泥夢(syndrome),,,,,31.8,5,5,4,2,5,3,24,123,◎,2:35.85,新レギュで.8が来たことに驚きを隠せない。低速ハネで最高峰の必要技術を誇り、リズム把握が重要
,FALSE,チュルリラ・チュルリラ・ダッダッダ！,,,,,31.8,5,4,4,4,4,3,24,220,◎,2:15.82,今思えばコイツが元30だったのが本当に信じられない......曲も長く局所に難しい配置がある
,FALSE,ショウタイム・ルーラー,,,,,31.8,7,5,5,2,3,2,24,204,,1:44.71,サビから難易度が上昇する結構前の譜面の典型例。終点は奥めに引っ張って遅めに離すのが吉
,FALSE,ぼうけんのしょがきえました！,,,,,31.8,9,5,5,2,1,2,24,176,,1:44.83,仕様変更により終点を取るのが圧倒的にラクに。どちらにしろくの字など高い地力は必要だが...
,FALSE,ももいろの鍵,,,,,31.8,7,4,5,3,3,2,24,165,,2:08.18,31の中でもとんでもなく異質なゴリ押しがある。抜錨やドレミファロンドなどの子分を従えている
,FALSE,コスモスパイス,,,,,31.7,8,4,3,2,3,3,23,165,,1:59.27,昇格によってガチのカップヌードル最難関へ。とにかく16分音符→同時が多すぎて苦手な人はマジで苦手
,FALSE,脱法ロック,,,,,31.7,7,4,4,3,2,3,23,155,,1:58.35,Q.脱法ロックは難しいですか？ A.はい。難しいです。圧倒的個人差があります。
,FALSE,Mr. Showtime,,,,,31.7,6,4,3,4,4,2,23,218,◎,2:13.21,BPM327の16分が大量に飛んでくるバケモン。譜面自体の癖も強く難解なリズムもある
,FALSE,ローリンガール,,,,,31.7,8,6,3,1,3,2,23,195,,1:57.69,もう一回、もう一回。とばかりに16分→同時をぶち込んでくる！イントロや間奏にもありえん非交互が
,FALSE,エゴロック,,,,,31.7,5,7,5,2,2,2,23,225,,1:48.80,純粋に速いが16分の連打は2回しか登場しないので、そこがかなり大きく試されるポイント
,FALSE,フロイライン＝ビブリォチカ,,,,,31.6+,6,4,5,3,2,2,22,185,,2:17.51,久々にかなりエグめの31到来。BPM370の16分3打が絡むラストのラッシュはかなり衝撃的
,FALSE,Iなんです,,,,,31.6+,8,5,3,2,2,2,22,92.5-185,△,1:41.35,MASTER譜面だけではBPM変化に気づけない...同時→3連打→同時の配置や間奏が厄介
,FALSE,気まぐれメルシィ,,,,,31.6+,5,5,5,2,1,4,22,160,,2:24.00,通常フリックと終点フリックの仕様の違いの理解力が試される。純粋に難しい連打も注意
,FALSE,電光刹歌,,,ソ,多,31.6+,6,5,5,2,1,3,22,207,,2:07.83,非交互or交差を強いられる連打やフリックラッシュが主な難所としてキツい。BPM207って速くて...
,FALSE,天使のクローバー,,,,,31.6+,6,5,4,2,3,2,22,193,,1:50.60,サビのスライドの終点フリックは始点を動かさずにそのままフリックまで持っていくとやりやすい
,FALSE,おこちゃま戦争,,,,,31.6,6,5,3,2,3,2,21,175,▲,2:22.29,主に縦連での要求地力が高かったりスライドが奥まで行ったりと、少しチュウニズムっぽいのが特徴
,FALSE,右肩の蝶,,,,,31.6,5,4,2,3,5,2,21,140,,2:10.07,曲名に「右」があるのに左に寄る譜面が2箇所...ゴリ押しで済むような認識難とロング終点が難点
,FALSE,Vampire's ∞ pathoS,,,,,31.6,5,4,4,3,3,2,21,134,◎,1:55.07,低速ハネリズムの中でもBPMが速い方。フィクサーほど忙しくはないものの2連同時などが存在
,FALSE,徳川カップヌードル禁止令,,,,,31.6,5,4,3,3,3,3,21,178,,2:02.19,ネタ極振り譜面なせいでクセも抜群に強いができれば楽しい。連続フリックはしっかり16分で叩こう
,FALSE,Happy Halloween,,,,,31.6,5,3,3,5,3,2,21,120,◯,2:00.00,12分、16分、24分、32分とリズムを総動員している悪戯譜面。物理的に苦しく妥当の昇格
,FALSE,Life Will Change,,ソ,敷,交,31.6,4,5,4,3,2,3,21,145,◎,1:59.22,バケモン。基本BPM145の低速ハネは速さが最上位タイ。それに加え技術や多少の終点ケアなど全て必要
,FALSE,HERO,,,敷,交,31.6,6,5,5,2,1,2,21,190,,1:59.37,おもろいギミックの詰め合わせセット。ラスサビ前など31相応の地力が求められる配置も多い
,FALSE,モア！ジャンプ！モア！,,,,,31.5+,6,5,2,2,3,2,20,202,,2:00.45,このBPMの16分→同時や、フリックを含む同時押し5連打など、現在ではかなり上位に通用する譜面
,FALSE,そうだった！！,,,,,31.5+,6,5,2,2,2,3,20,192,,2:03.44,最高に楽しい31。こればっかりは譜面製作者を褒めちぎりたい。あと譜面の芸が細かすぎる
,FALSE,にっこり^^調査隊のテーマ,,,,,31.5+,6,4,4,1,3,2,20,180,,2:01.00,とにかく鳳えむとかいうキャラが可愛い曲。多少クセのある部分やくの字配置もあるので注意
,FALSE,魔法みたいなミュージック！,,,,,31.5+,4,3,4,3,4,2,20,210,◎,2:12.48,海外先行譜面からの刺客。24分3打も局所に登場するほか、終点のケアなども難しい
,FALSE,エゴイスト,,,,,31.5+,4,4,4,3,3,2,20,180,,2:24.00,なんといっても32分が特徴的。ラスサビ前地帯もムズいので花を唄うで練習もアリ
,FALSE,未完成讃歌,,,,,31.5+,6,5,3,2,2,2,20,188,,2:33.03,曲がめちゃくちゃ良いが長い。全体的に素直だが局所難や24分乱発のアウトロは注意！
,FALSE,庭師のおはなしによると,,ソ,敷,交,31.5+,4,4,4,4,1,3,20,198-317,,1:52.82,瞬間最高BPMをあっさり抜かれた...基本BPMは216。BPM変化の研究や16分連打の安定性がAPへの近道
,FALSE,私の恋はヘルファイア,,,,,31.5+,4,4,3,3,2,4,20,200,◎,2:25.10,圧倒的フリックの数から苦手意識を持たれがち。曲通り譜面も中継点がうるさい
,FALSE,ヒアソビ,,,ソ,敷,31.5+,4,4,4,3,1,4,20,134,◎,2:08.51,19.2分を基調とした譜面でたまに24分が飛んでくるといった具合。配置を理解しないとキツいかも
,FALSE,ARQETYPE,,,,,31.5+,5,6,3,2,2,2,20,240,,1:35.75,圧倒的物量とラス殺しが非常に特徴的だが必要なスキルこそ少なく、ラストも最悪目押しで通過可能
,FALSE,limbo,,,,敷,31.5+,4,5,6,2,1,2,20,199,,1:38.74,ラストの配置だけで譜面の8割を占めているといっても過言ではないが、独りんぼの24分とほぼ同速...
,FALSE,ポッピンキャンディ☆フィーバー！,,,,,31.5,5,5,3,1,2,3,19,190,,2:03.47,190というBPMで休みがあまりなく、フリックを主体としたプロセカ特有の技術が求められる
,FALSE,悪魔の踊り方,,,,,31.5,5,4,1,2,5,2,19,106,◎,1:55.38,落ちサビに普通にとんでもない終点配置を飛ばすな！！！連続スライドは移動させない取り方が楽
,FALSE,ジェヘナ,,,,,31.5,5,4,3,2,3,2,19,128,◎,2:30.00,開幕やラストの4鍵はしっかり運指を組んでおこう。31ハネの中堅みたいな立ち位置になっている
,FALSE,霽れを待つ,,,,,31.5,6,4,3,2,2,2,19,168,,1:49.82,実装当初30.1に設定してた自分をめちゃくちゃ殴りたい。謎の縦連配置に慣れないと苦しい
,FALSE,トラッシュ・アンド・トラッシュ！,,,,,31.5,6,5,2,2,2,2,19,177-220,◎,2:12.44,高速ハネの中でも基本的な配置が多め。6分音符減速地帯が特徴的なので曲を聴き込もう
,FALSE,成敗いたAAAAAす！,,,,ソ,31.5,5,5,3,2,2,2,19,180,△,2:07.83,実装から一瞬で譜面修正が入った。かなり情報量が多くネタ譜面寄りだが、ラスサビの物量はエグい
,FALSE,アンハッピーリフレイン,,,,,31.5,5,7,3,1,1,2,19,205,,2:06.73,「速いだけ」の権化。Aメロのフリック→タップの部分はフリックの動きを最小限にしてあげよう
,FALSE,I know 愛脳.,,,,ソ,31.5,5,4,4,3,2,1,19,150,,1:58.48,強化版パレットには君がいっぱい。縦連する部分と交互押しする部分を覚えておこう。ラストはムズい
,FALSE,世界を照らすテトラッド,,,,,31.5,7,4,4,2,1,1,19,155,,1:53.61,全体的に地力が必要な譜面。BPMは抑えめなので体力のある日に詰めるとAPが出やすいかも
,FALSE,君色マリンスノウ,,,,交,31.5,4,5,3,3,2,2,19,202,,2:18.42,しっかり難しくはあるが楽しいが勝つ譜面。最後には入れ替え必須な初見殺し配置も見られる
,FALSE,ちがう!!!,,,,,31.5,4,4,5,2,2,2,19,181,,1:52.04,重いのは間奏の16分/12分の押し分けと落ちサビの24分5打×3。これらを乗り切れれば...！
,FALSE,ワンダーラスト,,,ソ,敷,31.4+,4,5,2,3,2,2,18,178-230,,2:16.48,BPM230って速くて...。スタンダードな配置をこのBPMで飛ばすとそりゃムズくなる。曲が神
,FALSE,流星のパルス,,,,,31.4+,6,5,3,2,1,1,18,192,,1:54.22,認識難×くの字がかなり苦しいと判断されたのか昇格した。必要地力は確かに高めではある
,FALSE,ルルブ,,,ソ,交,31.4+,5,5,4,2,1,1,18,200,,2:01.05,純粋な物量に加え、未完成讃歌と違って最初から24分が容赦ないのが差別化点。最後の小粒も注意
,FALSE,とうほう☆ワンダーランド,,,,交,31.4+,5,5,3,2,1,2,18,200,,1:45.60,しっかり密度配置が飛んでくる。アウトロは誘導がある交互配置だが、適正帯の人は理解までが長そう...
,FALSE,チルノのパーフェクトさんすう学園,ソ,敷,交,多,31.4+,5,4,3,2,2,2,18,179,,2:00.34,ちゃんと演出がてんこ盛り。なんだかんだでイントロアウトロの地力配置は重めなので注意
,FALSE,パリィ,,,,,31.4,4,4,3,2,2,2,17,140,◎,1:57.00,BPM140の低速ハネはガチで伊達じゃない！！！！が、同時押しは少なくリズムを覚えれば意外と...?
,FALSE,ときめきジェットコースター,,,,交,31.4,4,4,3,2,2,2,17,180,,2:00.00,この難易度でハッキリと交差配置が存在する。間奏地帯の爽快感がハンパなくて結構好きです
,FALSE,すきなことだけでいいです,,,,,31.4,5,3,2,4,1,2,17,140,,2:32.57,ラスサビは「真ん中縦連2回」→「縦連した方の手でくの字の2ノーツ目を取る」を意識で攻略が可能
,FALSE,ノンブレス・オブリージュ,,,,,31.4,5,4,1,3,3,1,17,148,,2:07.30,ラストのコツ歌います。「右で入る次は左次は右手次は左次は右手次は左次は右手次は左次は右手次は左
,FALSE,ずんだパーリナイ,,,,ソ,31.4,4,3,2,3,3,2,17,150-170,,2:43.92,ソフランが急展開だったりリズムが難しかったりインパクトはあるが、やるうちに結構慣れる
,FALSE,キティ,,,,,31.4,4,3,2,3,1,4,17,145,,1:50.28,終点フリックだけデカいギミックが多数存在する。ロングと同じ手で普段通り終点処理がオススメ
,FALSE,東京テディベア,,,ソ,多,31.4,4,5,3,2,1,2,17,204,,2:11.32,ラスサビの終盤や突然の16分2打など厄介どころはあるものの、見た目通りに叩けすぎる譜面
,FALSE,メズマライザー,,ソ,敷,多,31.4,4,3,4,3,1,2,17,185,,2:01.95,片手2連打の場所を覚えておくに尽きる譜面。催眠地帯の作曲者の工夫が本当に神とされている
,FALSE,最愛人生ランナー,,,,敷,31.4,5,4,3,1,2,2,17,180,,1:51.92,曲のリズムの把握やサビ後半のゲシュタルト崩壊地帯の出来が大きく鍵を握る。効果音多くて楽しい曲
,FALSE,オーバーライド,,,,多,31.4,4,5,3,1,2,2,17,204,,1:55.29,イントロアウトロの終点ないのはありがたいが、それ以外が別にある。BPM204なだけあって密度重め
,FALSE,Nyanyanyanyanyanyanya!,,,,,31.3+,5,5,2,3,0,1,16,142,,1:52.82,100秒間同じリズムながらさまざまなレパートリーの配置を全て対応できなければならず、エグめの猫
,FALSE,フロイライン＝オジョウサマ,,,,交,31.3+,4,4,1,3,2,2,16,200,,2:07.95,ビブリォチカに寄せてるのか旧レギュチックな配置が多め。ただ16分→同時押しが少なめで叩きやすい
,FALSE,新人類,,,,,31.3+,4,3,4,2,1,2,16,144,,2:32.50,やっていて楽し過ぎてプレイヤーがゴリラと化す譜面。24分が3回降ってくるが全てパターンが違う
,FALSE,imaginary love story,,,,,31.3+,4,4,3,3,1,1,16,175,,2:03.43,BNDをかなり易化させたような譜面。大きいノーツはフリックの、縦連は直前の配置の誘導に乗ろう
,FALSE,げんてん,ソ,敷,交,多,31.3+,4,3,3,3,1,2,16,141,,2:02.45,スーパーヒーロー合一型始点再来(早く直して)。それを差し置いても難しさと演出を両立した神譜面
,FALSE,ロケットサイダー,,,,,31.3+,4,5,4,1,0,2,16,198,,2:07.58,終点ナシなのちょっと解釈不一致感。このBPMで連続して16分→同時押しを求められるのがキツい
,FALSE,卑怯戦隊うろたんだー,,ソ,敷,多,31.3+,3,3,2,5,1,2,16,152,,2:06.32,誘導が存在する場所としない場所があり、腐食が後者だと感じるのは3箇所のみ。意外と卑怯でもない
,FALSE,限りなく灰色へ,,,,,31.3+,3,4↑,1,4,3,1,16,108,◎,1:56.02,なぜ！！！花を唄うが上がらず！！！コイツが上がるんだ！！！！ロウワーより地力配置が多め
,FALSE,ロウワー,,,,,31.3(↑),2,4↑,3,3,1,2,15,132,◎,1:43.18,灰色などで認識難を身につけ忙しさに対応する感じの譜面。理解度によって難易度が極端に上下する
,FALSE,ライアーダンサー,,,ソ,敷,31.3,3,3,2,3,1,3,15,170,,1:57.18,ドッキリ大成功。しっかりネタ譜面なので、楽しくやってるとキティフリックにやられる......
,FALSE,D/N/A,,ソ,敷,多,31.3,3,2,3,3,2,2,15,150,,2:04.70,GOD SONG。「多」配置の演出やバグAPDのような譜面、認識難への対策など、やること自体は多い
,FALSE,きゅうくらりん,,,,,31.3,3,6,1,1,2,2,15,220,,1:45.81,16分からの同時押しが実は一切ない。微ズレ地帯には128分も存在する...(BPM1760の16分)
,FALSE,キラー,,,敷,交,31.3,3,4,4,1,2,1,15,196,,1:35.28,しっかりと長めの16分連打や24分4連打などがBPM196で降ってくるため、最低限の地力が必要
,FALSE,クイーンオブハート,,,,敷,31.3,3,3,2,4,1,2,15,235,◎,1:59.62,基本BPM235は初。新レギュ特有の見づらさを存分に発揮しているが、誘導はかなり多く楽しく叩ける
,FALSE,ヤンキーボーイ・ヤンキーガール,,,,敷,31.3,4,3,3,2,1,2,15,125,,1:57.00,実質BPMは250と言ってもいい。BPM125の16分が延々と飛んでくる。ラストの縦連は交互もキくぞ
,FALSE,魔法少女幸福論,,,,ソ,31.2,4,3,2,2,2,1,14,142-180,,2:08.48,最近の31は低速がトレンドなのかもしれない。16分→同時は主にサビに多いので身構えよう
,FALSE,バイオレンストリガー,,,,,31.2,4,5,2,1,1,1,14,196,,2:11.02,連打にかなり難易度を頼っているが、横移動等の技術も多少求められる。アウトロの配置は好き
,FALSE,スーサイドパレヱド,,,,,31.2,3,2,3,2,2,2,14,176,,1:49.86,縦連4連打の最後がフリックなので、入り手と逆の手でフリックすることになるのに注意が必要
,FALSE,イガク,,ソ,敷,多,31.2,1,2,3,5,0,3,14,170,,1:58.41,圧倒的に初見殺し要素が強い譜面であり、様々な種類の認識難の対策を講じることが求められる
,FALSE,脳内革命ガール,,,,,31.2,3,3,2,3,2,1,14,240,◎,2:16.00,増えたBPM240族。認識難は多いが基本的に交互なので、12分に対応できる人ならあまり問題はない
,FALSE,化けの花,,ソ,敷,多,31.2,2,2,3,5,1,1,14,180,,1:54.67,アウトロができるかどうかで死ぬほど評価が分かれる。打数より「連打の合間」「入り手」を見るべし
,FALSE,Polar Star,ソ,敷,交,多,31.2,3,4,2,2,1,2,14,180,,1:31.28,ラストの連打は左始動なのでそこでリズムキープができるかが求められる。相も変わらず方向指定くん
,FALSE,黒塗り世界宛て書簡,,,ソ,敷,31.1+,3,4,1,3,1,1,13,185,,2:05.84,前半は注意が必要だが、サビ以降は実はフリックの手と逆で全レーンロング取るだけ！誘導に乗ろう
,FALSE,アイデンティティ,,,,,31.1+,2,3,2,2,2,2,13,195,,2:32.62,フル尺。長い。サビ前が厄介なのでフリックの動きを最小限に留めるといいかもしれない
,FALSE,アクセラレイト,,,ソ,多,31.1,3,3,2,1,1,2,12,170,,1:34.59,アウトロが問題なく対処できるならまず苦労はしない譜面。APDに比べ演出が盛られている
,FALSE,アンヘル,,,交,多,31.1,2,2,4,2,1,1,12,184,,2:00.12,Cメロを対処できるかがかなり全てを握っている。そこさえ乗り切ればあとは緊張との勝負
,FALSE,十六歳の心臓,,,敷,多,31.1,2,3,2,2,1,2,12,190,,2:10.89,初めて目立つ形で「ロングノーツを重ねていく」譜面が登場し、腐食が大歓喜したらしい
,FALSE,アベリア,,,ソ,多,31.0,2,4,2,1,1,1,11,183,,1:55.41,マジでチュウニズムのLonginusを彷彿とさせる終盤の連打地帯が特徴。リズムキープさえできちゃえば
,FALSE,Blackjack,,,,敷,31.0,1,2,2,2,2,2,11,114,◎,2:05.26,たまに16分が混じる系の低速ハネ譜面だが、配置がどうも素直でかなり31にしては負い目がある
30,FALSE,悔やむと書いてミライ,,,,,30.9+,9,6,5,2,4,2,28,194,,1:37.58,サビに容赦なく16分→同時フリックが襲いかかってくる。感覚を掴むまで練習するとよい
,FALSE,劣等上等,,,,,30.9,10,6,4,1,3,3,27,160,,1:31.13,こいつも16分→同時のオンパレード。悔やミラよりBPMは遅いがラスト発狂が難しい
,FALSE,夜咄ディセイブ,,,,,30.9,9,5,4,3,4,2,27,130,,2:15.00,セカイVer.基準で作ってあるからVSVer.の人は変えてみ、マジでセカイ変わるから
,FALSE,ワールズエンド・ダンスホール,,,,,30.9,10,7,3,2,3,2,27,171,,1:38.07,16分に同時が絡んでくる配置が多すぎて一部の人にはとても苦しい。紆余曲折あり30最上位帯に...
,FALSE,命に嫌われている,,,,,30.8+,7,6,5,1,4,3,26,200,,1:36.30,エイム力、終点、局所4k2連など、現環境を鑑みるとかなりとんでもない譜面だったりする......
,FALSE,ブリキノダンス,,,,,30.8+,8,5,3,3,5,2,26,172,,1:35.23,結構むずめの配置を各所にちりばめたみたいな感じの譜面。終盤の終点があり得なすぎる
,FALSE,裏表ラバーズ,,,,,30.8,8,6,2,2,5,2,25,159,,1:47.17,ちょい認識難混じってる系超絶乱打譜面。全体を通して終点が混じっているため、苦手な人には苦しい
,FALSE,泡沫未来,,,,,30.8,6,4,5,4,4,2,25,179,◯,1:41.90,16分ハネリズムの譜面の中にたまに12分混じってくるわ認識難だわジャクポ飛んでくるわ...何？
,FALSE,Disco No.39,,,,交,30.8,7,6,4,3,3,2,25,145,◯,2:10.76,BPM145のハネリズムは低速ハネ界随一の忙しさ。リズムを曲を通して意識する必要があり難しい
,FALSE,ミルククラウン・オン・ソーネチカ,,,,,30.8,8,4,4,5,2,2,25,127.4567,,2:08.98,物量+認識難。さらに中盤に変拍子とかなりの対応力が必要。ドクファン同様BPM半取り
,FALSE,星屑ユートピア,,,,,30.7+,6,5,4,4,2,3,24,240,,2:07.75,トンデモ譜面がついに30に昇格。圧倒的ゴリ押しと方向指定への対処力がかなりの肝
,FALSE,Glory Steady Go!,,,,,30.7+,6,5,5,3,3,2,24,131,,1:31.60,先行公開の音源聴いて絶対BPM262の16分飛んでくるじゃんって思った。曲良いし楽しい
,FALSE,ネクストネスト,,,,,30.7,4,3,5,3,5,3,23,128,,1:59.88,クセが強いスライドや24分の最初が同時な配置などがとても厄介。なんでEXPERT27にした
,FALSE,ミラクルペイント,,,,,30.7,5,4,5,3,3,3,23,215,◎,2:19.26,8分音符をそろそろ治せ！！！終点フリックに振っている譜面なので、画面をなぞるのを意識しよう
,FALSE,しっくおぶはうす！,,,,,30.7,7,5,3,3,3,2,23,170,,2:18.00,スパイスの効いた地力譜面といった印象。花を唄う系統の配置が終盤に飛んでくるので注意
,FALSE,アンノウン・マザーグース,,,,,30.7,7,6,3,2,3,2,23,222,,2:13.91,実装当初から29.9を継続していた譜面がついに昇格。最近の30と比べたら圧倒的難しさを誇る
,FALSE,エターナルアリア,,,,敷,30.7,8,5,5,2,2,1,23,184,,2:10.43,この音ゲーで一番いい譜面とされている(腐食談)。難しいリズムや、他の30にない奇抜な配置が特徴
,FALSE,ダンスロボットダンス,,,,,30.6+,7,5,4,1,2,3,22,190,,1:37.11,スライドのクセ強いのとアウトロむずい。あの声質で原キー出せるえむの中の人is何
,FALSE,RAD DOGS,,,,,30.6+,6,5,3,3,3,2,22,140,,2:12.00,全体的にむずいのにおまけに変な7連階段と縦連飛んでくるから運指をしっかり組むが吉
,FALSE,スターダストメドレー,,,,,30.6+,8,5,3,1,3,2,22,170,,2:18.88,圧倒的に神曲。くの字配置や1/12ノーツが特徴的。1サビ前のスライドは直線の両端押せば取れるぞ
,FALSE,STAGE OF SEKAI,,,,,30.6+,7,5,4,3,1,2,22,190,,1:55.89,神曲神譜面！楽器の各パートが譜面で表されてそう。ちなみにステージのセカイはモモジャン
,FALSE,ステラ,,,,,30.6+,7,5,4,1,3,2,22,197,,2:09.44,16分→同時の形が非常に多い。両手直前のノーツを意識することをオススメする
,FALSE,ラストスコア,,,,,30.6+,7,5,3,3,2,2,22,134,,2:18.69,圧倒的神曲であり推している人も多い。が譜面はかなり指押し推奨配置多め。小粒折り返し5鍵...
,FALSE,magic number,,,,,30.6+,5,4,3,5,4,1,22,120,,1:46.88,コンテンツのキャストが曲を作るという異例な事態。認識難やアウトロのリズム難のクセが強い
,FALSE,花を唄う,,,,,30.6+,4,4,2,5,5,2,22,115,◎,1:48.26,ハネ認識難+終点難+視認難+リズム難という複数の要素が合わさりなかなかに難解
,FALSE,the WALL,,,,,30.6+,7,4,5,3,2,1,22,183,,1:44.75,くの字配置や左始動暗記配置など地力配置が多め。誰の仕業か知らんが最近自分の周りで流行っている
,FALSE,KING,,,,,30.6,5,5,3,2,3,3,21,166,,2:12.83,ダンスロボットダンスに近い譜面傾向だが方向指定フリックがなかなかに面倒
,FALSE,フレー,,,,,30.6,6,5,3,3,2,2,21,168,,2:14.29,間奏地帯が今までの譜面で見たことのない配置をしており難しい。ラストは3連打をしっかり意識
,FALSE,シャンティ,,,,ソ,30.6,6,6,3,2,2,2,21,144,,2:06.25,初めて擬似停止が用いられた譜面。12分+8分の混フレやイントロなどの24分に注意しよう
,FALSE,合成するミライ,,ソ,敷,交,30.6,7,5,4,2,1,2,21,170,,2:09.79,流星のパルスの廉価版といった感じだが、いろいろな部分にギミックが散りばめられている。神曲
,FALSE,我儘姫,,,,,30.6,5,4,4,4,3,1,21,116.19-126,◯,2:17.96,突然16分が現れては24分に戻ったりとリズムが我儘な譜面。間奏のBPMは小数第2位範囲で変化する...
,FALSE,リンちゃんなう！,,,,,30.6,5,4,3,2,3,4,21,200,,2:23.33,ネタ全開譜面ではあるがシンプルに速いので、16分→同時や方向指定が厄介。黄色ノーツはガチ多い
,FALSE,レイニースノードロップ,,,,,30.5+,5,5,3,2,3,2,20,192,,2:27.50,全体的に地力譜面がずっと続く。アウトロの同時→真ん中2連にやられやすいので身構えよう
,FALSE,SnowMix♪,,,,,30.5+,5,5,5,1,2,2,20,185,,2:30.32,間奏地帯がかなり厄介だが、16分トリル地帯は3つずつ認識してあげるとかなり取りやすくなる
,FALSE,ピアノ×フォルテ×スキャンダル,,,,,30.5+,7,5,4,1,2,1,20,135,,2:07.78,随所に存在する32分音符が非常に厄介なはずだが、自分含め何故か初見APが多かったらしい...
,FALSE,てらてら,,,,,30.5,4,4,4,3,2,2,19,190,,2:10.42,レオニの30はかなり地力譜面が多い印象。認識難配置や全レーンフリックが絡む配置に注意
,FALSE,フェレス,,,,,30.5,4,4,3,2,4,2,19,220,◎,2:13.09,BPMこそマシンガンと同じだが、ハネリズムなので思ったより体力は不要。落ち着けば取れる
,FALSE,グッバイ宣言,,,,,30.5,5,4,2,3,3,2,19,170,,2:03.53,誘導の多い認識難がちょいちょいって感じで楽しい。やっぱりこの曲は原曲の方が人気かも
,FALSE,サラマンダー,,,,,30.5,5,4,3,2,3,2,19,172,,2:32.09,フル尺。長い。配置自体は単純めなものがほとんどだが随所に難しめなものもあるので注意
,FALSE,ダーリンダンス,,,,,30.5,5,4,3,3,2,2,19,153,,1:37.84,圧倒的編曲の違和感。物理的に少しだけ苦しい配置が特に中盤から後半にかけて多く見受けられる
,FALSE,ザムザ,,,,,30.5,6,4,3,2,2,2,19,121,,1:51.07,32分やゴリ押し配置などがかなり際立つ。かなり個人差で、得意な人はかなり得意
,FALSE,春嵐,,,,敷,30.5,7,5,2,1,2,2,19,140,,2:15.21,全体を通して16分音符鍵盤なためかなり体力or指押し地力が要るが、配置がかなり素直で直感的
,FALSE,ブループラネット,,,ソ,交,30.5,5,5,3,2,2,2,19,186,,2:12.90,ミク誕にまさかのサプライズ収録。エモいスライドやシンプルな地力配置など、かなり楽しい
,FALSE,ヴァンパイア,,,,,30.5,5,4,4,2,2,2,19,164,,2:18.11,後半に交互押しじゃない配置や地力を要する配置が多い。モモジャンのカバーも可愛い
,FALSE,難聴系男子が倒せない,,,,,30.5,6,4,4,1,2,2,19,150,,2:20.00,BPMが控えめな代わりにたまに非交互配置が飛んでくるので、まずはそこを冷静に対処すべし
,FALSE,パラソルサイダー,,,,,30.5,5,5,3,3,1,2,19,176,,1:27.61,イントロとアウトロゲー。曲が短く爽快なので運指を理解すればかなり楽しく叩けるはず
,FALSE,ワールド・ランプシェード [reunion],,,,,30.5,5,4,4,3,1,2,19,193,,1:59.15,局所難の典型。交互である部分とそうでない部分の見切りや、リズムを忘れないことが大事
,FALSE,オペラ！スペースオペラ！,,,,,30.5,5,6,3,2,2,1,19,198,,2:00.91,少し暗記が必要な部分や片手責め配置が厄介な印象。音取りが1箇所違っていたが修正された
,FALSE,ブラッドドール,,,,ソ,30.5,7,4,3,2,1,2,19,150,,1:55.20,最近の30の中ではかなり地力が必要で、局所的に研究が必要なほか12/16/24分を叩き分ける必要がある
,FALSE,カレシのジュード,,,,ソ,30.5,5,5,3,2,2,2,19,165,,2:09.82,キュートなカノジョと比較すると24分が黄色くて固定なので譜面的にはこっちの方が全然キュート
,FALSE,夜に駆ける,,,,,30.4+,4,3,2,4,3,2,18,130,,2:15.00,千本桜パターンの譜面。必要な地力もそこそこ。有名曲だしもう少し易しくしてもいいじゃん...
,FALSE,Voices,,,,,30.4+,5,5,2,1,3,2,18,190,,2:01.26,サイズが大きめのノーツに注意すれば比較的難しくない。下の譜面の追加によって地力が浮き彫りに
,FALSE,スロウダウナー,,,,ソ,30.4+,5,4,3,1,3,2,18,194,,2:18.40,付点8分と8分の混フレと取れるリズムが印象的。同時押しは少ない分体力が求められる
,FALSE,アンテナ39,,,,ソ,30.4+,5,4,3,2,2,2,18,147,,2:02.35,全体的に地力配置が多めで、春嵐をすこーしやりやすくしたみたいな印象。サビ前の演出、シビれる
,FALSE,あちこちデートさん,ソ,敷,交,多,30.4+,3,2,6,4,1,2,18,46-107,◎,1:57.30,初の真・ギミックコンプ譜面！とりあえず例の局所難のリズムを体に覚え込ませるのがスタートライン
,FALSE,Calc.,,,,,30.4+,5,3,4,3,1,2,18,173,,2:22.02,初めて記録を狙う際はラストの視認難配置が本当に鬼門。同時とそうでない部分を区別しよう
,FALSE,ショウタイム×オーディエンス,,,,,30.4+,5,4,3,2,3,1,18,220,◎,1:58.70,中盤に難所が飛んでくるタイプの譜面。終点が統合されている配置が多いが両手操作が吉
,FALSE,エンヴィキャットウォーク,,ソ,敷,交,30.4+,5,5,3,2,2,1,18,160-190,,2:05.90,縦連が多めのかなり凝った譜面。BPMが上がってもその傾向は変わらず、かなり脅威となる
,FALSE,アトラクトライト,,,,,30.4,4,4,3,2,2,2,17,196,,2:21.43,BPMは早めだが、16分音符が少ない。小粒スライド地帯は長い方を早めに動かすか、最悪全押し
,FALSE,オーバーコード,,,,敷,30.4,4,5,2,3,1,2,17,120,◎,2:36.50,延々とこのBPMで低速ハネをやらされるまあまあツラい譜面。バーコードスライドを読み取ると...
,FALSE,METEOR,,,,,30.4,5,4,3,1,3,1,17,170,,2:16.94,30の中でもなかなかに素直な譜面。アウトロ前のスライドはかなりの作り込まれ具合を誇る
,FALSE,ヘイヴン,,,ソ,敷,30.4,5,4,3,3,1,1,17,144,,1:52.08,サビ後の演出には驚いた人も多いのではないでしょうか。かなりいろんなギミックが詰め込まれている
,FALSE,ONESELF,,,,,30.4,4,4,3,3,1,2,17,160-170,,2:00.61,臨界点を彷徨ってから例のスライドまで7回もBPM変化があるらしい。BPMも彷徨ってるってこと？
,FALSE,T氏の話を信じるな,,,,ソ,30.4,6,4,2,3,1,1,17,143,,1:59.16,2箇所くらい交互では通らない配置があり、最近の傾向を信じすぎていると崩されてしまう譜面
,FALSE,ぼかろころしあむ,,,,ソ,30.4,5,3,2,5,1,1,17,130,,1:59.54,ひっさびさの「こういう系」がきた。1から研究するのが苦手な人には本当に苦しいと思う
,FALSE,ラヴィ,,ソ,敷,多,30.3+,5,4,3,1,1,2,16,183,,2:08.52,今期一番の神譜面！かつ、同時押しが定期的に混じる12分音符など、しっかり地力要素も存在している
,FALSE,ルマ,,,,ソ,30.3+,3,4,2,3,1,3,16,154,,2:04.68,フリックによる横移動や、あまり見ないタイプのトレース絡みの認識難など、潤沢に難しさがある
,FALSE,ロストアンブレラ,,,,ソ,30.3+,5,4,2,3,1,1,16,137,,1:51.02,見た目に騙されずに誘導に乗る最高の練習ができる譜面！ラストは1つ前のノーツからちょうど4.5拍後
,FALSE,サヨナラ天国また来て地獄,,,,敷,30.3+,3,3,1,3,3,3,16,113,◎,1:41.95,30ではおそらく初であろう19.2分族。ロウワーに似た、フリックによる多少の視認のしづらさがある
,FALSE,紗痲,,,,,30.3+,4,4,2,2,2,2,16,160,,2:06.38,全体難傾向が強い譜面。1サビの謎トレース終点がラスサビで伏線回収されるのが最高に気持ちいい
,FALSE,キュートなカノジョ,,,,,30.3+,3,3,4,2,2,2,16,160,△,2:06.75,間奏からは24分7連打が規則的なタイミングで現れる。ところどころの16分には落ち着いて対処しよう
,FALSE,え？あぁ、そう。,,,,,30.3+,5,4,3,1,1,2,16,192,,1:45.00,しっかりと物量がありつつフリックも多く、フリック混じりの長めの連打が特に厄介
,FALSE,マトリョシカ,,,,,30.3+,3,7,1,2,2,1,16,205,,1:42.44,16分音符→同時が一切ないという珍しすぎるMASTER譜面。弦を弾くときはスライドを動かさない
,FALSE,チームメイト,,,,,30.3+,5,5,2,1,2,1,16,180,,1:47.33,16分連打が多いがかなり基本的な配置となっている。縦連には少し気を配ろう
,FALSE,フィッシュアンドTips,,,,ソ,30.3+,4,3,4,2,1,2,16,160,,1:57.00,GOD曲GOD譜面。巧みな編曲によって2番のドロップが聴ける。が、そこがかなり猛威を振るう譜面
,FALSE,のだ,,,ソ,多,30.3,4,3,3,1,2,2,15,142,,1:56.62,ところどころ現れる鍵盤配置を冷静に対処できるかがポイント。歌詞演出が超オシャレですよね
,FALSE,ダイダイダイダイダイキライ,,,ソ,交,30.3,4,3,3,2,1,2,15,130,,1:45.46,終1を一旦つけたが、油断していると忘れることもある。間奏を中心に最低限の地力が必要
,FALSE,一千光年,,,,,30.3,4,3,3,2,1,2,15,192,,1:51.56,中盤の8分同時押しラッシュや、後半からアウトロにかけて飛んでくる厄介な同時押し配置が印象的
,FALSE,シークレット・シーカー,,,,,30.3,4,4,2,3,1,1,15,180,,1:47.67,縦連型認識難こそ後半に現れるものの、このBPMの16分がしっかり叩ければあまり問題ない。曲が神
,FALSE,オールセーブチャレンジ,,,,敷,30.3,4,3,3,1,2,2,15,171,,1:32.63,曲が本当に神。特にアウトロに関してはかなり地力が求められる。サビ前の縦連や24分にも注意
,FALSE,エクスプロウル,,ソ,敷,交,30.3,3,3,3,2,2,2,15,164,,2:00.18,1サビを抜けた後のドロップがかなり認識難気味だが、交互押しが大部分。独特なギミックも搭載
,FALSE,東京サマーセッション,,,ソ,敷,30.3,5,4,2,1,1,2,15,160,,2:07.31,なんでこの曲でゴリゴリ地力配置が飛んでくるんだwwww　赤譜面にも敷配置があるらしくて驚き
,FALSE,パメラ,,,,敷,30.3,3,3,4,2,1,2,15,148,,1:59.19,1箇所ある32分はあのカンタレラより速いけど短いので、ここができればなんとかなる系の譜面
,FALSE,サイバーパンクデッドボーイ,,,,,30.3,4,3,3,2,1,2,15,157,,1:55.03,いい曲。トレースノーツがかなり見づらく少し暗記が必要かも。地力もしっかりと求められる
,FALSE,さよならプリンセス,,,,,30.2+,3,4,2,1,2,2,14,195,,1:55.08,少しだけ16分からの同時が増えた代わりにBPMが下がったマトリョシカといった感じの譜面
,FALSE,少女A,,,ソ,敷,30.2+,3,3,2,2,2,2,14,260,,2:10.62,腐れ外道に並び基本BPMは1位タイ。終点ナシロングノーツが多く割と気軽に叩ける配置が多め
,FALSE,ホワイトハッピー,,,,敷,30.2+,4,3,2,1,2,2,14,160,,2:02.25,たまに縦連が飛んでくるが意外と特徴がない。8分スライドは終点でもいい気がしたなぁ
,FALSE,M@GICAL☆CURE! LOVE ♥ SHOT!,,,ソ,敷,30.2+,3,4,3,1,2,1,14,192,,2:05.94,ギミックを搭載した準旧レギュ譜面。ソフラン後に終点を離させる点ではかなりの唯一無二性を誇る
,FALSE,Decade,,,,,30.2+,2,2,2,5,1,2,14,127,,2:16.06,見た目だけ難しいが、要求地力は28レベル。交互押しで大体どうにかなるので頑張ろう
,FALSE,リレイアウター,,,ソ,敷,30.2+,4,3,3,1,1,2,14,23-151,,2:28.51,最低BPMを圧倒的に更新。譜面自体はリズム自体は単調だが、縦連などがちょっと面倒
,FALSE,妄想アスパルテーム,,,,交,30.2+,4,3,3,1,1,2,14,170,,1:55.59,トレースノーツとはいえ交差配置を普通にブチ込んできた！リズムとフリックが少し難しい
,FALSE,Awake Now,,,,交,30.2+,3,3,2,3,2,1,14,117,◎,1:58.97,ちょーーーーーーーーー楽しい認識難。ドンファイ超劣化版な交差配置もあったりする
,FALSE,君が飛び降りるのならば,,,,ソ,30.2+,3,5,2,1,1,2,14,210,,1:55.43,ほぼほぼ裏の音取り全振りなのは少し寂しいが、BPMが210あるのでしっかり密度対応が求められる
,FALSE,パンダヒーロー,,,敷,交,30.2+,3,3,3,2,1,2,14,190,,1:35.68,BPM190でシンプルに忙しい譜面といった感じだが認識は難しくない。アウトロの急な交差配置何？
,FALSE,SHIAWASE FOR YOU!,,,,敷,30.2+,3,4,2,2,1,2,14,200,,1:38.74,BPMが早いが、乱暴な16分音符の配置はそんなになく、認識が難しいものもすべて交互押し。納期？
,FALSE,アルカリレットウセイ,,,,敷,30.2+,3,3,3,2,1,2,14,158,,2:01.14,ジェネリックビタチョコが最後に飛んでくるので惑わされずに叩く練習にはいいのかもしれない...？
,FALSE,導火愛,,,ソ,敷,30.2+,2,4,3,1,3,1,14,114,◎,1:58.95,中盤の難所が終点染めなのまあまあ好きです。譜面の展開が良い。30に落とし込んだ脳内革命って感じ
,FALSE,比較症候群,,,,,30.2+,4,4,1,1,2,2,14,200,,1:55.20,200は順当に早い上、終点がちょこちょこそれなりの密度で降ってくる。最後まで気を抜くな
,FALSE,ラズベリー＊モンスター,,ソ,敷,多,30.2,3,4,1,2,1,2,13,192,,2:00.67,トレースフリックうおおおおおおおおおおおおおおお以外は順当地力が求められる。まあまあ入門寄り
,FALSE,幕を下ろそう、パレードへ,,,,ソ,30.2,3,3,4,1,1,1,13,146,,1:57.02,間奏とアウトロで足切りするにょ〜〜〜んwwwwwな譜面。そこ以外にも凝った配置が多くて好きです
,FALSE,透明エレジー,,,,,30.2,3,4,2,1,2,1,13,220,,1:57.68,BPM220なだけあって16分音符が体感脅威になる。8分音符がしっかり叩ければ基本問題はない
,FALSE,星宙メランコリア,,,,,30.2,3,4,2,1,1,2,13,196,,1:56.33,EDM系の楽曲にしては結構タップノーツが多め。その分密度は少し高めなのでその耐性は必要
,FALSE,"Help me, ERINNNNNN!!",,,,,30.2,3,4,3,1,1,1,13,185,,2:18.16,16分→同時押しがないが、マトリョシカを遅くした代わりに乱打が長いといった感じの譜面
,FALSE,混沌ブギ,,ソ,敷,交,30.2,2,3,1,2,2,3,13,190,,2:01.11,ちゃんと交差配置があったり、持ち替えが頻発するなどかなり特徴的な譜面。持ち替え後の終点注意！
,FALSE,フュージョン,,,,多,30.2,3,3,2,1,2,2,13,188,,1:57.45,ワンアポ桃でやってたことを早速紫でやってくれた...！！最低限の物量があるので冷静に対処しよう
,FALSE,だめにんげんだ!,,,ソ,敷,30.2,3,2,4,1,1,2,13,179,,1:56.65,あの見た目で「多」の基準に該当する部分が1箇所もない。Aメロの最初で度肝を抜かれる
,FALSE,みかぼし,,,,敷,30.2,2,2,5,2,1,1,13,188,,2:07.98,他の地帯に比べてラスサビの16分の量が多く相対的に難しく感じる。落ち着いて対処しよう
,FALSE,ペンタトニック,,ソ,敷,多,30.2,3,3,2,2,1,2,13,161,▲,1:38.20,終点フリックを通常フリックで取らせる想定の譜面やめてください！サビ前の停止はマジでビックリ
,FALSE,下剋上,,,,ソ,30.2,2,3,2,2,2,2,13,185,▲,2:30.16,圧倒的スクロールを見せつけてくる譜面。どこがハネでどこが8分かの把握は少し必要
,FALSE,それでも僕らは歌うことをやめない,,,,交,30.1+,3,3,3,1,1,1,12,182,,1:32.97,流星が降る交差配置がとても印象的。他のレオニ30と比べて非常に叩きやすく、レオニ30入門と言える
,FALSE,人マニア,,,ソ,敷,30.1+,2,1,3,4,0,2,12,150,,2:01.40,原口沙輔曲、マジで研究値の高い譜面をオールウェイズ出してくれる。腐食が珍しく時間食いました
,FALSE,ジェットブラック,ソ,敷,交,多,30.1+,3,3,1,2,1,2,12,170,,2:06.97,スライドは意外とサボれるので試してみよう。30でガッツリ低速来るとは思わなかった...
,FALSE,ヴィーナス,ソ,敷,交,多,30.1+,2,4,2,1,1,2,12,192,,2:08.13,何気に3拍子の曲もちょっと久々な気がする。地味にフリックが多くてちょっと忙しいので冷静に
,FALSE,おちゃめ機能,,,,,30.1+,3,2,2,1,2,2,12,150,,2:01.20,トレースノーツを活かした動きが特徴的。譜面自体はかなり素直だがリズムがほんの少し厄介
,FALSE,キャットラビング,,,,,30.1+,3,2,3,1,1,2,12,163,,1:53.01,譜面の展開がかなりお気に入り(腐食談)。くの字が最低限の難しさを担保している感
,FALSE,笑えたらえーやん！,,,,ソ,30.1,2,3,3,1,1,1,11,174,,1:59.66,ギミックを楽しむための譜面。サビ前の付点のリズムの地帯が1番の難所といったところか
,FALSE,魔法少女とチョコレゐト,,ソ,敷,交,30.0,2,2,1,1,1,2,9,150,,1:54.80,某難易度35の引用もマイルドになり良い譜面だが、譜面のせいでとある曲がタイトル通りを果たした
29,FALSE,drop pop candy,,,,,29.9,7,5,3,4,5,2,26,130,,1:43.15,全体を通して認識難であり、サビのロング終点も厄介。ここまで難しくできるんだなぁ
,FALSE,嗚呼、素晴らしきニャン生,,,,,29.9,9,6,3,2,4,2,26,194,◎,2:21.86,何の変哲もないハネリズム譜面...だと昔は思ってた。微縦連と終点が実はあまりにも多い......
,FALSE,だれかの心臓になれたなら,,,,,29.9,9,5,3,2,4,3,26,145,,1:52.14,一言で表すなら「悔やむと書いてミライの劣化版」。ただテンポが遅く終点グレが出やすいかも
,FALSE,サンドリヨン 10th Anniversary,,,,,29.9,8,6,4,3,3,2,26,147,,1:43.11,チャレラ効率曲(ヒバナAPDに先を越された)だがこの譜面を捌くにおいてもかなりスキルが必要
,FALSE,お気に召すまま,,,,,29.9,10,5,4,1,4,2,26,143,,1:46.99,初期はドラマツルギーと同じ定数だったが、物理難や24分が難しくかなり定数に差がつくことになった
,FALSE,ボッカデラベリタ,,,,,29.9,10,7,3,2,2,2,26,170,,1:52.94,元28だったのが本当に意味がわからないほどに力が必要。交差して叩くのも視野に入れてみよう...
,FALSE,ブレス・ユア・ブレス,,,,交,29.8,8,6,3,2,4,2,25,152,,1:29.80,24分多。スライド始点擬きのタップがスライドに重なっていないのは時代を感じるが、修正を強く希望
,FALSE,ジャックポットサッドガール,,,,,29.8,7,5,5,3,3,2,25,204,◎,1:19.51,最初が光ったらジャックポット。バーチャル・シンガーVerが一風変わって聞こえる
,FALSE,シネマ,,,,,29.8,7,5,3,5,3,2,25,124,,1:38.47,幽霊東京とBPM同じなのなんかいい(？)。想定運指が謎すぎてゴリ押しの方が早いかも
,FALSE,スノーマン,,,,,29.8,7,5,4,4,3,2,25,127,,2:19.37,低速地力譜面であるが、ところどころ癖の強い配置も見られる。運指を組んでおこう
,FALSE,ベノム,,,,,29.8,9,6,2,3,3,2,25,152,,2:03.36,やりづらい方向指定やジャケット再現の譜面が特徴的。あまりみずえなの予想はしてなかった
,FALSE,YY,,,,,29.8,8,5,5,2,3,2,25,123,,2:20.73,APPENDの実装に伴い一部12分が付点16分に修正されかなり快適になった。依然リズムは難しいけど...
,FALSE,携帯恋話,,,,,29.8,9,6,3,2,3,2,25,150,,2:15.00,同時押しが絡んでくる16分音符がなかなかに厄介。これでも初期は29弱だったんだよ......
,FALSE,踊,,,,,29.8,8,5,5,3,2,2,25,128,,2:15.70,最後のリズムが最近の太鼓の○人並みに変態。間奏地帯がなかなか見ない地力配置となっている
,FALSE,カンタレラ,,,,,29.8,7,5,6,3,2,2,25,144,,2:00.83,間奏地帯のBPM288の16分7打は右手を意識するといいかも。局所24分にも注意が必要
,FALSE,Bad ∞ End ∞ Night,,,,,29.7+,7,6,3,2,4,2,24,132-204,◎,1:54.69,拍の調整の関係で低速の中継点がおかしかったり、サビに何故か16分音符が混じっているハネ譜面
,FALSE,テレキャスタービーボーイ,,,,,29.7+,9,6,3,1,3,2,24,182,,1:31.98,イントロの方向指定間違えがち(腐食談)。曲が短く詰めやすいがゴリ押し配置も多い
,FALSE,DREAM PLACE,,,,,29.7+,9,6,3,2,2,2,24,136,,2:15.88,指押しのいい練習になりそうな譜面。ラストの不自然に膨らんでいるスライドの意図とは...
,FALSE,ODDS&ENDS,,,,,29.7+,9,7,3,1,2,2,24,192,,1:27.50,当時割と謎な昇格だと思っていたが、さらに下回る29が増えてきてラストのラッシュがむずく感じる...
,FALSE,アスノヨゾラ哨戒班,,,,,29.7+,9,7,3,1,2,2,24,185,,2:04.54,やっぱり初期の地力譜面は強いんだよなあ！！！！外→内の2連打が多くのプレイヤーを苦しめる
,FALSE,PaⅢ.SENSATION,,,,,29.7+,8,5,4,2,4,1,24,180,◎,2:07.89,認識難配置はあるがフリックと反対の手で叩き始めればよいという誘導がある。最後の配置コワイ
,FALSE,Gimme×Gimme,,,,,29.7,5,3,3,4,5,3,23,105,◎,2:12.48,元祖認識難。それに加え現環境を鑑みると移動終点などかなり厄介な配置が多くなっている
,FALSE,ドーナツホール 2024,,,,,29.7,7,5,3,2,3,3,23,252,,2:15.36,なぜかBPMが半減処理されていない...ECHOに続く8分音符までしかない譜面だが速さ故配置エグい
,FALSE,ワーワーワールド,,,,,29.7,6,5,5,2,3,2,23,160,,1:42.56,ほぼ3年越しに32分4打×2が24分に修正され、大幅にラクになった。ただ難しいところは結局難しい
,FALSE,"Hello,world!",,,,,29.7,7,7,3,1,3,2,23,211,,1:35.69,賛否ある曲の収録だが腐食としては初音ミクが聴けるので賛成派。配置は素直だがシンプルに速い
,FALSE,いかないで,,,,,29.7,6,7,3,3,2,2,23,191,,1:51.83,曲を知らなかった人「ゆったりした曲なんかなぁ...ってなんで視認難体力譜面飛んできてんの」
,FALSE,神のまにまに,,,,,29.7,8,5,4,3,2,1,23,135,,2:06.11,BPM135の24分や32分があまりにも乱発されている譜面。しっかり歯切れよく叩こう
,FALSE,Beat Eater,,,,,29.7,8,6,3,3,2,1,23,137,◎,1:34.60,28の中でもかなり忙しかった譜面が昇格。12分同時ラッシュや24分3鍵が脅威
,FALSE,ヴィラン,,,,,29.7,6,3,4,3,4,3,23,102,◎,2:25.88,終点を離すのが難しく、その影響でGREATが増えがち。長いのもなかなかツラいポイント
,FALSE,星空オーケストラ,,,,,29.6+,5,4,4,3,4,2,22,200,◯,1:59.40,BPM300の16分3打が3回登場する驚異の譜面。8分音符地帯はめちゃめちゃ解釈不一致...
,FALSE,快晴,,,,,29.6+,6,5,3,3,3,2,22,172,,2:26.69,見かけ上しんどそうな配置がところどころあるが、誘導はしっかりしている。1/12始点にも注意
,FALSE,ラブカ？,,,,,29.6+,5,5,5,3,2,2,22,78-135,△,1:40.75,最初のBPM変化があまりにも変則的。ハネの部分と16分の区別や難しい配置の対策を
,FALSE,Nostalogic,,,,,29.6+,6,5,4,3,2,2,22,140,,1:48.00,ラスサビが難しい。しれっと最後に24分からの両手置くのやめてもらっていいですか
,FALSE,マシュマリー,,,,,29.6+,8,6,4,1,1,2,22,182,,2:08.90,曲が神！！！！！譜面に関しては基本的に叩きやすいリズムだがピアノ12分地帯が少し難しいか
,FALSE,ニジイロストーリーズ,,,,,29.6+,6,4,4,3,2,3,22,115-230,◎,1:55.09,初手にBPM345の16分で4連打となかなかの速さを誇る配置がある上、認識難気味で難しい。元28...
,FALSE,Booo!,,,,,29.6+,7,4,5,2,3,1,22,220,◎,1:31.64,曲が短く詰めやすいのはいいものの、ところどころ29では許されない配置がある...
,FALSE,それでもいいんだよ,,,,,29.6+,7,5,5,3,1,1,22,132,,2:01.82,本当に、神曲。わかりやすめの認識難と32分音符が特徴的な譜面。できなくてもいいんだよ(？)
,FALSE,ビバハピ,,,,,29.6,6,3,5,2,3,2,21,148,,1:21.69,その短さにも関わらず現在はある程度難しい評価だが、これでも昔は28でも簡単な方だった...
,FALSE,needLe,,,,,29.6,7,4,4,2,2,2,21,190,,1:50.92,局所難傾向にあり、その部分がいちいち全部難しい。アウトロのスライド味気なく取るのが趣味です
,FALSE,カトラリー,,,,,29.6,5,4,3,3,4,2,21,108,◎,1:48.70,声ネタの部分やサビ前に16分音符が存在するハネリズム譜面。誘導のない認識難が難しい
,FALSE,ナンセンス文学,,,,,29.6,6,4,3,3,3,2,21,154,,2:06.43,とにかく付点のリズムも多く曲を熟知しないといけない上に譜面自体もクセがある
,FALSE,ロキ,,,,,29.6,6,4,5,1,3,2,21,150,,1:42.00,24分からの同時(片方フリック)にこの譜面の全ての難しさが込められてると言っても過言ではない
,FALSE,＊ハロー、プラネット。,,,,,29.6,8,5,2,2,2,2,21,150,,1:53.80,小粒ツギハギ並に多い！スライドクセ強い！指押し配置多い！まさに宇宙から来た譜面
,FALSE,Journey,,,,,29.5+,5,4,3,2,4,2,20,128,,2:42.19,フル尺なので当然長い。ロングノーツの終点をしっかり意識しよう。ラストの視認難黄色同時も注意
,FALSE,ドラマツルギー,,,,,29.5+,5,4,3,3,3,2,20,149,,1:30.00,BPM149(素数)なのにちょうど90秒っていう計算結果を吐いたせいで目に映ったものを疑った
,FALSE,メルト,,,,,29.5+,5,3,5,2,3,2,20,170,,2:57.35,最後の縦連ガチで難しすぎる。プロセカ史上最も心臓に悪いといっても過言ではない
,FALSE,天ノ弱,,,,,29.5+,6,5,3,1,3,2,20,200-205,▲,1:45.44,32をぶっちゃけ想定していたがこの難易度に落ち着いたらしい。あんまり音取られてなくて悲しい
,FALSE,モザイクロール (Reloaded),,,ソ,敷,29.5+,6,5,3,3,1,2,20,148,,1:59.80,特にラスサビ以降で真価を発揮する譜面。無の4小節ほど美しいものってないと思うんですよね
,FALSE,阿吽のビーツ,,,,,29.5+,5,4,2,4,4,1,20,103,◎,2:11.46,スライドが思ったよりサボれる。このBPMの24分縦連の多さや終点の難しさがかなり評価される
,FALSE,デビルじゃないもん,,,,ソ,29.5+,6,5,3,2,3,1,20,154,,1:56.49,最初の演出に全ての記憶を持っていかれる譜面。シンプルな4k配置やラストのリズムヤバ配置も注意
,FALSE,Flyway,,,,,29.5+,6,4,5,3,1,1,20,190,◎,2:06.32,ハネリズム練習譜面、と思いきや、ほぼ消失と同様の配置がある。同時押し意識が吉
,FALSE,ロストエンファウンド,,,,,29.5+,3,3,5,3,4,2,20,92-184,,2:25.76,BPM92最初だけかと思ったら最後に戻るんかい。短ロング地帯や最後の5鍵、全レーンフリックが難
,FALSE,88☆彡,,,,,29.5+,5,4,5,2,2,2,20,175,,2:02.57,圧倒的局所難譜面。小粒の乱打はしっかりと1拍に4打を意識。12分音符の処理には注意
,FALSE,Hello Builder,,,,,29.5,6,3,2,3,3,2,19,160,◎,1:47.88,旧レギュ譜面が本領を発揮...！12分主体で同時押し絡みも多く、他にもかなり総合力が問われる
,FALSE,月光,,,,,29.5,3,4,3,3,4,2,19,109,◎,2:34.13,曲がシャレオツすぎるのよ。しかし長い上に低速ハネリズムなので沼る人は沼る...
,FALSE,エイリアンエイリアン,,,,,29.5,4,4,3,2,3,3,19,152,,2:18.75,ナユタン星人曲特有のクセのあるスライドが多い。シンプルに長く埋めるのが面倒でもある
,FALSE,Ready Steady,,,,,29.5,4,2,4,3,2,4,19,115,,1:28.17,何気に元祖「フリック直後にタップが置いてある」譜面だったりする。意識しないと抜けていく
,FALSE,フォニイ,,,,,29.5,5,4,4,2,2,2,19,170,,2:20.12,嘘で絡まるスライド地帯はあまり動かさずとも取れる。ラストの同時押しに殺された人は数知れず...
,FALSE,Be The MUSIC!,,,,敷,29.5,5,4,5,1,2,2,19,128,△,2:30.41,エイプリルフール譜面ということで、BPM256の16分7打やスライドに被るフリックなどお祭り騒ぎ
,FALSE,白い雪のプリンセスは,,,,ソ,29.5,4,5,3,1,4,2,19,200,,2:16.05,中盤の短ホールドラッシュだけ圧倒的に難しい。ラストのロングノーツ交差ギミックは新鮮
,FALSE,ワールドイズマイン,,,,,29.5,5,3,4,2,3,2,19,100-165,,2:48.64,元27で最近まで28だった譜面がさらに昇格。今はかなり素直な譜面も増えたせいでかなり難しく見える
,FALSE,スーパーヒーロー,,,敷,交,29.5,5,4,3,2,3,2,19,132,,1:50.45,終点と合一型2始点は治った！実は16分の配置がまあまあエグかったりするので同時押しを意識しよう
,FALSE,ルカルカ★ナイトフィーバー,,,,,29.5,5,4,3,2,3,2,19,160,,2:10.31,待望の曲。素直めな配置も多いが4鍵が混じってくる場合もあるため把握をしておくこと
,FALSE,セカイはまだ始まってすらいない,,,,,29.5,5,4,4,1,3,2,19,138,,1:54.78,5鍵やフリック直後のタップなど、今思えば結構厄介。永遠の29.0だと思ってたのに出世したねぇ...
,FALSE,p.h.,,,,,29.5,5,4,3,3,2,2,19,132,,1:45.45,階段状認識難を交互押しで取る練習になる譜面。あと譜面作成者は付点16分をそろそろ学習して...
,FALSE,Leia - Remind,,,,,29.5,3,3,6,2,3,2,19,190,,2:01.11,BPM285の16分7打含むイントロが結局最大の脅威。イントロを切り抜ければまあまあラクでもある
,FALSE,アイドル新鋭隊,,,,,29.5,4,5,4,2,2,2,19,176,,1:37.84,相当前の話だけど公式の広告で男性陣でMV再生してて面白かったお話。3連フリックが難しい
,FALSE,花溺れ,,ソ,敷,交,29.4+,5,3,3,3,2,2,18,128,△,1:56.95,中盤に急に低速ハネリズム地帯が牙を剥いてくる。それ以外にも非交互配置諸々に注意
,FALSE,あったかいと,,,,,29.4+,5,4,3,2,2,2,18,178,,2:26.46,シンプルめな地力譜面。16分からの同時押しや小粒配置がちらほらといった感じ。神曲
,FALSE,リアライズ,,,,敷,29.4+,4,4,4,2,3,1,18,150,,1:29.20,地力要素が縦連に結構偏っている譜面。逆に言えば、腕を温めれば結構ラクかもしれない
,FALSE,Blue Star,,,,,29.4+,5,3,4,2,3,1,18,132,,2:23.64,最も「豹変」という言葉が似合う譜面。ラスサビだけ他と比べて圧倒的に難しく対応力が求められる
,FALSE,Miku,,,,,29.4+,5,2,3,5,2,1,18,128,,2:31.17,最難関譜面にも見られるような認識難配置が見られる。BPMが控えめなためこれで練習しておきたい
,FALSE,名も無き革命,,,,,29.4+,5,4,4,2,2,1,18,185,,1:55.46,基本的な配置が多く詰めるのに苦はなさそう。拍子がコロコロ変わるのでノりづらいところはある
,FALSE,ハオ,,,,ソ,29.4+,5,4,2,2,3,2,18,176,,1:59.66,今期のヤクザMAS枠。合一型終点が久々であることに加え、このBPMでかなりやらせてくることが多い
,FALSE,傀儡のうつつ,ソ,敷,交,多,29.4+,5,3,4,1,2,3,18,142,,1:38.03,かなり完成度の高いMAS譜面となっている。その分全ての配置を見切らなければならないのが難しい
,FALSE,如月アテンション,,,敷,多,29.4,3,4,3,1,4,2,17,190,,1:54.32,歌詞が元となった譜面がふんだんに詰め込まれており楽しい。ホールド地帯は指の腹で！！
,FALSE,天樂,,,,,29.4,4,4,2,2,2,3,17,232,,2:28.97,Bメロのトレースを活かした持ち替え配置が本当に天才。シンプルにゴリ押し力が要るので耐えよう
,FALSE,potatoになっていく,,,,,29.4,3,3,1,4,4,2,17,116,◎,1:44.91,最近のトレンドである認識難のいい練習譜面といえる。完全交互運指を推奨
,FALSE,くうになる,,,,,29.4,4,4,4,1,2,2,17,166,,1:44.46,うくになる。たまに結構難しめの16分→同時が飛んでくるような局所難譜面だが、全体的にはそこまで
,FALSE,FREELY TOMORROW,,,,,29.4,6,3,3,1,2,2,17,129,,2:11.51,腐食は苦手だがみんな得意らしい。地力地帯が複数存在し、指押しの練習にはぴったり！
,FALSE,その音が鳴るなら,,,ソ,敷,29.4,4,4,4,2,1,2,17,213,,1:44.65,BPMはなんと213。16分連打を常に身構えることと、このテンポにノるのが好成績への鍵
,FALSE,幾望の月,,,,,29.4,5,4,3,2,1,2,17,138,,2:00.87,かなりの量の24分や曲元来の変拍子が適正帯を苦しめている印象。イントロアウトロ短いので覚えよう
,FALSE,Flyer!,,,,,29.4,4,4,3,3,2,1,17,188,,1:58.40,疾走感のある楽しい曲。後半は認識難気味であるがすぐに慣れるような配置をしている
,FALSE,終焉逃避行,,,ソ,交,29.4,5,3,4,2,2,1,17,147,,1:34.69,最初の擬似停止がバリカッコいい。前半に非交互配置が詰め込まれており、そこを通して耐えるが理想
,FALSE,DAYBREAK FRONTLINE,,,,,29.4,5,5,2,3,1,1,17,136,,2:13.90,セカイVer.で一番いい音源とされている(腐食談)。地力配置が多めだがたまに認識難も
,FALSE,悪役にキスシーンを,,,,,29.4,5,3,5,2,1,1,17,124,,2:26.01,間奏地帯の難しさの比重が他に比べかなり高い。なぜ、BPMが、248じゃないのか......(腐食談)
,FALSE,まにまに,,,,,29.4,5,4,4,2,1,1,17,174,,1:47.24,序盤の不親切な黄色トレース誘導線はすぐ離そう。4kや縦連など地力配置が多め
,FALSE,Bad Apple!! feat.SEKAI,,,,ソ,29.4,5,3,5,1,1,2,17,138,,2:19.13,見た目は物理難の雰囲気があるが、BPMが控えめなおかげで意外とどうにかなる。神アレンジ
,FALSE,悪食娘コンチータ,,,,,29.3+,5,4,3,2,1,1,16,160,,1:34.69,短い上譜面の誘導がしっかりしており、悪ノシリーズ屈指の良譜面となっている
,FALSE,メリーゴーラウンド,,,敷,交,29.3+,4,3,2,2,2,3,16,116,◎,2:14.48,久々に襲来した19.2分ハネ譜面。やることこそ意外と単純なものの、それなりのプロセカ地力は必要
,FALSE,熱風,,,ソ,敷,29.3+,3,3,5,2,1,2,16,192,,1:36.25,MASTERならではのソフラン演出がとても良い。192の連打→同時は結構厄介だがこのゲームの基礎
,FALSE,レッドランドマーカー,,,,敷,29.3+,3,3,5,2,1,2,16,174,,2:01.55,必要地力の下がったONESELF。サビ前の配置には24分3打が混じっていることを意識して！
,FALSE,エンパープル,,,敷,多,29.3+,5,3,3,2,2,1,16,136,,1:47.65,多譜面地帯があまりにも神すぎて大好き(腐食談)。序盤にある24分連打など厄介な部分もしばしば
,FALSE,あいのうた,,,,ソ,29.3+,5,4,3,1,2,1,16,139,,1:59.03,最初のスライドが期待通り。中盤の24分混じりの配置がとても厄介で、他も地力は結構要る
,FALSE,アイムマイン,,,,多,29.3+,4,3,5,2,1,1,16,135,,2:32.44,Blessingの引用がマジでエモい。地味に4本ロングが同時に流れてくる配置があり、「多」の対象
,FALSE,SToRY,,,,敷,29.3+,5,4,3,2,1,1,16,192,,1:25.94,やっぱりレオニの譜面は物量。リズムが素直が故純粋なリズムキープ力が求められ、個人差が大きい
,FALSE,とても素敵な六月でした,,,,,29.3+,5,4,4,1,1,1,16,210,,2:28.57,16分音符こそ少ないが大体同時押しがついている。8分音符が刻めればそこまで問題ではない
,FALSE,幽光、1/fのゆらめき,,,,,29.3+,5,4,4,1,1,1,16,193,,1:27.98,終盤の16分5打(ラスト同時押し)が少し厄介。曲が短くかなり詰めやすいので物量得意な人におすすめ
,FALSE,ファイアダンス,,,ソ,交,29.3+,5,4,3,2,1,1,16,140,,1:23.68,非交互配置がかなり多くしっかり骨のある配置が大部分。ガバキック地帯もゲームでやらせて......
,FALSE,失敗作少女,,,ソ,敷,29.3+,4,3,3,2,2,2,16,120,,1:59.88,全ての要素をバランスよく持っている譜面。間奏の32分→24分→16分がまあまあ脅威。なぜBPM半減...
,FALSE,Surges,,,敷,交,29.3+,6,4,2,1,1,2,16,137,,2:05.94,初期譜面から短ホールド終点要素を取りました！みたいな譜面。地力上げの基盤には適していそう
,FALSE,モニタリング,,,,敷,29.3+,5,3,3,2,1,2,16,132,,2:07.56,裏の音主軸の譜面。最初の敷に初見を殺された人は数知れず。見たい見たい地帯の片手責めが難関
,FALSE,花結び,,ソ,敷,多,29.3+,5,3,3,2,1,2,16,180,,1:58.50,12分→16分のリズムが定期的に登場するほか、しっかり局所的に物量があり冷静な対処が必要
,FALSE,バレリーコ,,,,敷,29.3+,5,3,2,2,2,2,16,150,,2:03.60,4k配置が結構多めで最近の29では体感強め。終点フリックが厄介な箇所も何箇所か存在している
,FALSE,好き！雪！本気マジック,,,敷,交,29.3+,4,3,3,2,2,2,16,167,◎,1:59.30,あまり作譜に時間がかけられなかったように見受けられるが、その分24分が多く絡み地味にキツい
,FALSE,プロポーズ,,ソ,敷,多,29.3+,5,4,2,2,1,2,16,126,,2:07.86,32分が多すぎてワロタ！激しすぎるプロポーズ。ソフランの使い方が解釈一致で本当に嬉しい
,FALSE,スターナイトスノウ,,,,多,29.3,4,3,4,1,1,2,15,180,◎,1:56.67,サビ以降急に同時押しが絡む12分で急にギアを上げてくる。安定したら結構フィジカルついてるかも
,FALSE,鎖の少女-Re Alive-,,,ソ,交,29.3,3,3,4,2,2,1,15,100-135,,2:08.12,譜面が本当に神とされている。ギターソロ地帯における難所やリズム難、演出のバランスがよく楽しい
,FALSE,透過する温度,,,,敷,29.3,3,3,4,2,1,2,15,100,◎,1:48.00,低速ハネリズムで、非交互配置や右手責め配置など、音ゲーに慣れてないと対処しづらい譜面も
,FALSE,QUEEN,,,,ソ,29.3,4,3,1,2,2,3,15,170,,2:18.71,ソフランはMV再現説があるらしい。KINGリスペクトの譜面がちゃんと厄介で難しいがそれ以外は素直
,FALSE,金木犀,,,,,29.3,2,3,2,3,3,2,15,123,◎,2:00.73,低速ハネを基調としておりたまに16分音符がいる。そこまで印象的な配置はないが、終点に注意
,FALSE,39,,,,,29.3,2,2,5,2,2,2,15,175,,2:18.69,これまた3月9日に追加。ラスサビ前のスライドギミックが印象的。最後の小粒4kはバカムズい
,FALSE,Henceforth,,,,ソ,29.3,4,3,2,2,2,2,15,158,,2:00.00,Aメロの音の取りすぎ感は否めない。終盤にはしっかり小粒連打が降ってくる。ラスサビの入りいいよね
,FALSE,神っぽいな,,ソ,敷,交,29.3,3,3,2,4,1,2,15,142,,2:24.93,キラピピ以来の3ギミック譜面。交差を嫌うなら終点フリックしてない指で始点を取るのがおすすめ
,FALSE,転生林檎,,,,,29.3,4,4,2,2,1,2,15,145,,1:50.48,少しだけリズムが難しい配置が存在するが基本的に曲にノれば叩ける。スライドが特徴的
,FALSE,雨とペトラ,,,,,29.3,4,4,2,2,2,1,15,195,,2:00.15,シンプルに速く地力が試される譜面。ギター地帯のカクカクスライドは放置でOK！
,FALSE,フューエル,,,,ソ,29.3,3,3,3,2,2,2,15,156,,1:36.73,サビ前のスライドがプロセカ一カッコいいと俺の中で話題。ほんの少し覚える配置もあるので注意
,FALSE,フィラメントフィーバー,,,,ソ,29.3,3,3,3,3,1,2,15,114-229,◎,1:48.89,またまたソフランで遊びにきた。バカ速スライドをなぞるのが楽しい。基本BPMは134
,FALSE,アイリッド,,,,敷,29.3,2,4,2,3,1,3,15,124,◎,1:56.15,かなりトレースノーツ絡みの配置が難しいかつ絶妙な見づらさを誇る。低速ハネなのもかなりキツい
,FALSE,透明なパレット,,,敷,多,29.3,2,3,3,2,1,4,15,210,,1:45.30,あのトレースノーツ往復が、本当に慣れないと厳しい...！！！！マジで技4実装を決心する契機に...
,FALSE,スター,,,,交,29.3,4,4,2,1,2,2,15,143,,1:40.17,曲の青春感がエグくて最高。譜面については終点直後のフリックが結構厄介だったりする
,FALSE,メインキャラクター,,,,敷,29.3,3,5,2,2,1,2,15,192,,1:49.84,基本的には8分音符を基調とした譜面。片手責め配置にていかにリズムをキープできるかが鍵
,FALSE,FUN!!,,,,敷,29.3(↑)-,3,3,3↑,2,1,3,15,186,,1:30.32,力量はそこまで要らないが、サビのキティフリックの対処法が分かれる。サビ前の同時→16分はムズい
,FALSE,㋰責任集合体,,ソ,敷,多,29.2+,4,3,2,2,1,2,14,135,,1:57.35,最初の文字どうやって出すの？擬似5点終点フリックマジで最高です本当にありがとうございます
,FALSE,マリオネットダンサー,,,,ソ,29.2+,3,3,2,2,2,2,14,112,◎,2:00.54,1箇所かなりの初見殺しがある。かなり打数多めの24分音符が散見されるのでリズムキープ面が試される
,FALSE,リモコン,,,,,29.2+,2,3,2,1,3,3,14,165,,2:07.82,12分割ノーツがあまりにも多すぎる！特に→の始点は少し認識しづらいため注意。他は素直
,FALSE,レグルス,,,,敷,29.2+,3,3,2,1,2,3,14,146,,2:02.05,少しリズムが難しかったりラストの方向指定フリックが厄介だったりする。腐食はなぜか沼った
,FALSE,結ンデ開イテ羅刹ト骸,,ソ,敷,多,29.2+,3,3,1,4,1,2,14,169.33,◎,1:59.06,「入り手が変わる」配置ではしっかりその誘導に乗り続けないと詰む配置がある。BPMナニコレ......
,FALSE,Fire◎Flower (Rerec),,,,ソ,29.2+,3,3,2,2,2,2,14,153-175,,1:36.25,花火演出、再来！収録の告知がサプライズすぎてビックリした記憶。新レギュ特有の見にくさはある
,FALSE,このふざけた素晴らしき世界は、僕の為にある,,,,,29.2+,3,3,3,2,2,1,14,152,,1:57.24,サビの後半で急激な地力を要求される。それ以外は比較的素直な譜面。曲名の欄に収まって助かった
,FALSE,深海シティアンダーグラウンド,,,ソ,敷,29.2+,3,3,2,2,1,3,14,170,,2:00.18,ポピキャンの練習譜面(w/ 認識難)がサビに飛んでくるほか、前半は最低限地力が必要となる
,FALSE,アイ,,,,敷,29.2+,4,4,2,1,1,2,14,192,,1:44.22,ラムネと同BPMかつ、トレースによる横移動が激しい部分もある。基礎地力があればなんとかなる！
,FALSE,カラフルファンデーション,ソ,敷,交,多,29.2+,4,3,3,1,1,2,14,168,,1:48.57,今期唯一のギミックコンプリート譜面で、その曲名に恥じぬ譜面。腐食はインストの理解に苦しんだ...
,FALSE,あなたしか見えないの,,,ソ,敷,29.2,3,3,3,1,2,1,13,150,,2:02.00,黄色ロングの上にトレース→終点、不自然な誘導、行かない。ちょこちょこ認識難likeの連打もある
,FALSE,アリア,,,,敷,29.2,3,1,4,3,1,1,13,135,◎,1:46.96,本当にこの発想を思い浮かべた人に拍手を送りたい。一番正しい擬似始点フリックの使い方だと思う
,FALSE,とびだせ！わんだぴょい,,敷,交,多,29.2,2,3,2,2,2,2,13,140,▲,1:57.86,たまにハネる。スライド絡みの演出が多いが、終点も絡んだりと地味にイヤな配置が多いので注意
,FALSE,偽物人間40号,,,ソ,敷,29.2,4,3,2,1,1,2,13,112,◎,2:01.88,虚無さんに続きかなり演出が暴れ回っている譜面。このBPMと難易度を考慮すると結構微縦連が辛い
,FALSE,吉原ラメント 再来盤,,,,敷,29.2,3,2,2,2,2,2,13,192,◎,2:11.15,最近の曲にしてはめちゃくちゃ曲の長さが頑張ってる。結構12分微縦連が重いので腕を慣らそう
,FALSE,虚無さん,,,ソ,敷,29.2,3,1,2,3,2,2,13,115,,1:29.74,「ニヒルさん」。トレースフリックめちゃくちゃ暴れてる。曲が急に終わるのでまあまあびっくりする
,FALSE,えれくとりっく・えんじぇぅ,,,,,29.2,2,3,2,2,2,2,13,150,,2:00.40,俺らの青春。順当に楽しい譜面。24分が混じっていたり3周年以降のギミックもあったりで要素が豊富
,FALSE,コールボーイ,,,,交,29.2,3,2,2,3,1,2,13,109,◎,1:59.45,低速ハネの基礎に24分連打で少し肉付けをしたような譜面。最後だけ交差配置があるのはなぜ...？
,FALSE,アコトバ,,ソ,敷,多,29.2,2,1,5,3,0,2,13,125,,2:06.24,ギミック譜面は見掛け倒しなため定数が低くなりがち。一応32分はBPM250の16分相当なので注意
,FALSE,初めての恋が終わる時,,,,ソ,29.2,3,3,2,2,1,2,13,100-180,,2:05.88,曲の特性を活かしたソフランが印象的。減速8分の1小節目はBPMが変わっていないので意識しよう
,FALSE,マーシャル・マキシマイザー,,,,,29.2,3,4,3,1,1,1,13,190,,1:28.26,190というBPMはあるが譜面は非常に単調なので、物量譜面が苦手な人には練習にオススメかも
,FALSE,おどロボ,,,ソ,敷,29.2,3,2,2,1,2,3,13,145,,2:38.90,さまざまなお遊び要素があってめちゃくちゃ面白い。24分なども出てきてちゃんと難しい部分もある
,FALSE,花弁、それにまつわる音声,,ソ,敷,多,29.2,2,2,2,2,3,2,13,108,◎,2:05.28,落ちサビの「多」ギミックがかなり美しい。何より本当に曲がカッコよすぎるので一度はやろう
,FALSE,ドリーム・キス,,,,ソ,29.1+,4,4,2,1,0,1,12,117,,1:54.87,ほぼ全てがタップノーツという振り切った譜面。乱打譜面の基礎をつけるのにはピッタリかも？
,FALSE,リリィララ,,,,ソ,29.1+,3,2,2,3,1,1,12,130,,1:58.62,「スライド始点の先を見据える」ことが非常に大事になる譜面。目線を普段より少し上げてみよう
,FALSE,UNDERWATER,,,,,29.1+,2,1,3,3,2,1,12,145,,2:25.24,縦連地帯→2連縦連連続地帯が本当にビックリポイント。あとは油断しなければどうにかなる
,FALSE,CRASH THE PARTY,,,,,29.1+,2,2,4,1,1,2,12,162,,1:52.59,スライドの動き以外かなり平凡な譜面。フューエルの引用よかったしその直前がちょっとムズい
,FALSE,erase or zero,,,,交,29.1,2,2,2,2,2,1,11,136,,2:00.44,中盤の非交差誘導があまりにも素晴らしい。ラストだけ認識難があるが、交互押し+フリック意識でOK
,FALSE,About me,,,敷,交,29.1,3,3,2,1,1,1,11,134,,2:07.05,悪役みたいに間奏もう少し頑張っていたら局所難で天下だったか...！落ちサビだけ日本語なのマジで神
,FALSE,テトリス,,,ソ,交,29.1,2,2,3,1,1,2,11,170,,1:28.24,後半に取ってつけたようにくの字が飛んでくる。前半は曲通り少しノーツ数が詰まっている
,FALSE,はぐ,,,,,29.1,1,2,2,1,3,2,11,120,◎,2:04.17,低速ハネにしては認識難がほとんどなく非常に素直。プロセカで一番いい曲と俺の中で話題
,FALSE,はしる! とおく! とどく!,,,ソ,交,29.1,2,2,3,1,1,2,11,182,,1:43.19,ギミックこそ素直じゃないが、16分音符がめちゃくちゃ少ない。フリック混じりの16分には注意
,FALSE,NEO,,,,ソ,29.1,2,3,3,1,1,1,11,190,,1:55.11,新要素がかなりふんだんに使われているので慣れよう。記念楽曲ということで29の中ではやりやすい
,FALSE,惑星ループ,,,ソ,敷,29.0+,1,2,2,1,2,2,10,170,,2:03.53,"""MASTER譜面""に慣れていないと苦しいが、取り方がわかってしまえばこっちのモン。「あー」←www"
,FALSE,ハウトゥー世界征服,,ソ,敷,交,29.0+,3,2,2,1,1,1,10,151,,1:56.03,待望の収録。アウトロの配置が適正者ができるかが諸説あるが、まあ逆詐称気味かなぁ......
,FALSE,Cool Me Down,,,,敷,29.0+,2,2,2,2,1,1,10,174,,2:22.07,3点押しにも見える異質な配置や重なって見える始点など特徴が多い。曲が、良すぎる
,FALSE,ラムネ,,,,ソ,29.0,2,2,2,1,1,1,9,192,,2:04.92,配信で腐食が絶句したのがハイライト。16分→同時自体は速いが、あまりにやることが少なく......
28,FALSE,トラフィック・ジャム,,,,,28.9+,10,5,3,2,5,2,27,130,,2:03.69,何があって収録が遅れたのか...ジャンキーの劣化や短ホールドが多いなど交通渋滞並の複雑さ
,FALSE,フラジール,,,,,28.9,8,5,3,3,5,2,26,127,,2:00.71,28だ28だと言われ続けついに、それも28.9にまで昇り詰めた。終点が苦手だとなおさら苦しい譜面
,FALSE,Color of Drops,,,,,28.9,10,6,4,1,4,1,26,152,,1:47.76,終点と鍵盤配置がありえない。サビでは片手責めもなかなかにエグいのでゲシュタルト崩壊にも注意
,FALSE,乙女解剖,,,,,28.8+,9,6,3,2,3,2,25,134,,1:47.91,なかなかのゴリ押し力が求められる譜面となっている。曲に合わせた12分にも注意
,FALSE,トキヲ・ファンカ,,,,,28.8+,10,6,3,1,3,2,25,96-120,,1:42.88,譜面がシンプルに楽しい。リズム面ではかなりの難しさを誇る。ラストはフリックのリズムを意識
,FALSE,Forward,,,,,28.8,7,5,3,3,4,2,24,140,,1:47.46,認識難のインパクトこそ薄れたが、時間が経つにつれ片手地力や終点のほうが評価されるようになった...
,FALSE,Un-Lock,,,,,28.8,9,5,4,2,2,2,24,130,,2:11.08,地力主体の譜面だが、後半などの癖の強い配置や、24分32分には注意を払う必要がある
,FALSE,抜錨,,,,,28.8,7,7,3,4,2,1,24,140,◎,1:59.14,廉価版ももいろの鍵。縦連を交互で押すなどゴリ押しが苦手な人は一工夫するといいかもしれない
,FALSE,ウミユリ海底譚,,,,,28.7+,8,4,3,2,4,2,23,120,,1:39.50,5鍵は4つだけ交互で取る(例:右左右左左)を推奨してます。サビのフリックもかなり難しい
,FALSE,ワールドワイドワンダー,,,,,28.7+,9,5,4,2,1,2,23,142,,1:31.06,このBPMで多くの地力配置が降ってくるので、指押しの練習にはかなり適している
,FALSE,心予報,,,,,28.7+,7,5,4,2,3,2,23,143,,2:08.81,全体的に少しコシのある配置を散りばめた感じの譜面。Eve曲って似通ったリズムが多いよな
,FALSE,僕らまだアンダーグラウンド,,,,,28.7+,7,5,5,2,3,1,23,148,,1:58.38,前半がちょっと忙しいといった感じの譜面。最後のロングノーツが長く無反応が怖すぎる
,FALSE,とても痛い痛がりたい,,,,,28.7+,7,5,3,4,2,2,23,140,,1:49.29,極論ただのトリルが多い譜面。2-2で取る配置や縦連などもしっかり処理するのが求められる
,FALSE,ココロ,,,,,28.7+,7,4,6,2,2,2,23,110-140,,2:17.11,編曲が残念ランキング断トツの1位。32分音符が速すぎるが、入り手で16分3連打をするイメージ
,FALSE,愛して愛して愛して,,,,,28.7,7,5,2,3,3,2,22,115,◎,2:04.70,メンヘラ代表。このBPMの24分の速さが絶妙に崩されやすい。グチャグチャスライドで休憩が可能
,FALSE,Just Be Friends,,,,,28.7,8,5,3,1,3,2,22,128,,2:05.16,涙スライドの始点が1920分1個分ズレており、おそらく2連打で最高密度を誇る配置となってしまった
,FALSE,ヒビカセ,,,,,28.7,8,5,3,2,2,2,22,140,,1:51.00,同時押しが絡む配置が多くシンプルに地力が要る。割とちょうどいい難しさの局所難も
,FALSE,きょうもハレバレ,,,,,28.7,8,4,5,1,2,2,22,134,,1:54.18,特徴的なスライドや地力の必要な配置の多さでアイデンティティを確立している。神カバー
,FALSE,ロミオとシンデレラ,,,,,28.7,7,6,4,1,2,2,22,170,,1:48.53,キャラメルの終点が抜けたのがもう懐かしい。元27にしてはガチガチの非交互配置が多すぎた...
,FALSE,トリコロージュ,,,,,28.7,9,5,3,3,1,1,22,130,,2:00.46,個人的最難関はサビ直前の3連符絡みのリズム。それ以外にも運指を組んでおきたい配置も多め
,FALSE,天使の翼。,,,,,28.7,6,4,3,4,3,2,22,125,,2:45.68,曲がかなり長い上癖の強い配置が多くそれぞれに対応できないと苦しい。実は自○の曲である...
,FALSE,39みゅーじっく！,,,,,28.7(↑)-,6↑,4,3,1,5,3,22,130,,1:50.77,昔は28最弱レベルの譜面だったが、今の28下位を見れば見るほど必要な技術が高かった......
,FALSE,帝国少女,,,,,28.7(↑)-,5,4↑,3,5,3,2,22,118,◯,2:25.42,曲をしっかり聴き込み、どこが32分、どこが16分なのかを理解することがAPへの最大の近道
,FALSE,アイロニ,,,,,28.6+,6↑,3,4↓,3,3,2,21,90,◎,2:19.00,28最低基本BPMを更新したが、ふんだんに24分の難配置が盛り込まれており厄介
,FALSE,陽だまりのセツナ,,,,,28.6+,4,5,3,4,3,2,21,217,,1:51.43,見掛け倒しだが落ち着けば意外と取れる配置が多い。28最高BPMの座を林檎売りに奪われた
,FALSE,ひつじがいっぴき,,,,,28.6+,4,6,4,3,2,2,21,200,,2:05.55,スライドがかなりド派手な譜面。BPMこそ速いが、しんどい16分は少なめ。全レーンノーツに注意
,FALSE,WAVE,,,,,28.6+,8,4,3,3,1,2,21,130,,1:50.77,28の地力要素をかなり詰め込んでみたような譜面。16分連打の中にフリック2連があるのが特徴的
,FALSE,マインドブランド,ソ,敷,交,多,28.6+,6,4,3,3,4,1,21,156,◎,2:00.64,様々なギミックが織り交ぜられていながら終点がなかなかに厄介な譜面。3DMVが圧巻すぎる
,FALSE,恋愛裁判,,,,,28.6+,5↑,4,3,3,3,3,21,134,,2:07.61,細いスライドだったりサビ間の間奏の終点+認識難だったりが難所。これは「有罪」
,FALSE,Peaky Peaky,,,,,28.6+,6↑,4,3,3,3,2,21,132,,1:36.82,曲名が完全に○4D○なのよ......譜面のクセがかなり強い。動かさなくていい曲線スライドも点在
,FALSE,心拍ペアリング,,,,,28.6+,7↑,5↑,4↓,1,2,2,21,134,,1:20.60,曲こそ短いが、32分が紛れていたり2連打が必要だったり、瞬間的な要求地力があまりに高い
,FALSE,威風堂々,,,,,28.6+,7↑,4,3,3,2,2,21,130,,2:19.96,このゲーム史上最高にエロい。サビに某アークノーツゲーの黒兎感のあるスライドがある
,FALSE,ジウダス,,,,,28.6,3,3,4,2,5,3,20,198,◎,1:36.97,BPMが何故倍取りなのか...短スライド終点は動作がフリックにならないよう止めて離す必要がある
,FALSE,ガランド,,,,,28.6,4,2,3,4,4,3,20,93,◯,2:05.81,16分と24分混在させるのやめろ...低速な割に中継点が多くロングノーツをサボり辛いのも厄介
,FALSE,Hand in Hand,,,,,28.6,6↑,3,3↓,1,5,2,20,128,,2:00.00,短ホールドが多く、意識しないと崩れてしまう。なぜどりーみんチュチュが維持でこれが昇格...?
,FALSE,みくみくにしてあげる♪【してやんよ】,,,,,28.6,5,5,2,3,3,2,20,160,,1:37.31,緑タップの終点がBlessingと共に修正されて気にする必要がなくなった。依然ネギ縦連は注意
,FALSE,パラジクロロベンゼン,,,,,28.6,7,4,1,3,3,2,20,120-125,,2:09.76,少し認識が難しい配置の練習にどうぞ。譜面がない部分だけ内部的にBPM124だったりする
,FALSE,命ばっかり,,,,,28.6,5,4,5,1,3,2,20,128,,2:07.68,譜面としてあまりにも完成度が高い。終盤に難しいポイントがふんだんに盛り込まれている
,FALSE,"Hello, Worker",,,,,28.6,7,5,4,1,1,2,20,168,,1:36.61,この難易度にしては中速のくの字配置がかなり驚異になる。深海少女と違い最後の始点は拍にある
,FALSE,フロムトーキョー,,,,,28.6,6↑,4,3,3,3,1,20,130,,1:30.00,音ゲー用にリズムを難しくしたのかってくらいの曲をしている。ライブではペンライトが一番振り辛い
,FALSE,1925,,,,,28.6,5,4,3↑,4,2,2,20,145,◎,2:13.66,あえて2番を収録しているのにこだわりポイントを感じる。間奏地帯は基本交互ではないぞ
,FALSE,林檎売りの泡沫少女,,,ソ,敷,28.6,5,5,4,2,2,1,19,225.2,,2:03.62,難易度28の最高BPMが久々に塗り替えられた。結構裏の音が取られており瞬間的密度があるタイプ
,FALSE,アイディスマイル,,,,,28.6,3,4,3,3,3,3,19,171,,2:10.35,たまに混じる3拍子、視認難、分かりづらい方向指定フリックなど厄介要素が多め
,FALSE,ミライ,,,,,28.6(↑)-,6↑,3,3,1,4,2,19,138,,2:31.96,サビ前の突然の24分入り乱打にやられた人も多いのでは。長いし終点が多めなのが非常にツラい
,FALSE,パレットには君がいっぱい,,,,,28.6(↑)-,5,4↑,2,5,1,2,19,120,,2:06.00,サビの認識難配置をちゃんと2-2で取れるかがこの譜面の一番重要なポイントとなる
,FALSE,悪徳のジャッジメント,,,,,28.5+,5,4,3,2,2,2,18,140,,2:04.29,16分音符の最初に同時押しがある配置が特徴。それ以外にも地力主体なので同時押しなどを意識しよう
,FALSE,ハローセカイ,,,,ソ,28.5+,4,4,5,1,2,2,18,148-152,,1:38.72,難所は引用地帯とその後。引用に関しては原曲よりBPMが早く、その後も同時押しが多くて難しい
,FALSE,踊れオーケストラ,,,,,28.5+,5,5,3,1,2,2,18,180,,1:46.00,クセがそこまでなく純粋に楽しめる譜面。直感に反する方向指定フリックなどに注意しよう
,FALSE,CR詠ZY,,,,,28.5+,6,3,5,1,1,2,18,122,,1:38.24,協力ライブにおけるバグがあまりにもインパクトが強い。序盤の5kや終盤の高密度トレースが印象的
,FALSE,ワンスアポンアドリーム,,,,,28.5+,4,2,2,5,4,1,18,132,,1:45.23,長らく唯一の12分割フリック持ちの譜面だった。典型的な「昔の認識難」なので運指を固めよう
,FALSE,シャルル,,,,,28.5+,7,4,3,1,2,1,18,145,,1:38.90,この曲は音ゲーに入ると絶対12分縦連が飛んでくる運命なのか...28の中でもかなり地力で攻めてくる
,FALSE,いーあるふぁんくらぶ,,,,,28.5+,5,4,5,2,1,1,18,145,,1:58.60,全体的にクセが少なく素直で楽しく叩ける。最初の始点が2拍目の32分音符3個後らしい...
,FALSE,征け,,ソ,交,多,28.5+,4,2,5,2,2,3,18,120.48-150,,1:44.48,局所的な5kよりも、終点横の始点もどきフリックの方がヤバい。何とは言わないけど大変でした......
,FALSE,幸福刑,,,,交,28.5+,5,3,5,2,2,1,18,140,,1:54.43,1月分の.5↑枠。序盤であり得ないくらい本気を出し、中盤以降も平気で24分→同時を飛ばすバケモン
,FALSE,ツギハギスタッカート,,,,,28.5+,5,4,3↑,1,2,3,18,139,,1:58.06,小粒はこのレベル帯だとまあまあよくあるためこの定数に落ち着く。依然クセ配置は難しい
,FALSE,LEADER,,,,,28.5+,6↑,4,3,1,2,2,18,140,,1:46.71,地力配置や特徴的なロングノーツが多め。まず曲をある程度覚え込むといいかもしれない
,FALSE,去り人達のワルツ,,,,,28.5+,5,4,5↑,1,1,2,18,178,,1:36.07,アウトロのいかにも難しくしました感がえげつないがそれ以外は比較的素直。短いので詰めやすい
,FALSE,キャットフード,,,,敷,28.5+,6↑,5,3,1,1,2,18,174,,1:56.90,ほんの少しだけ骨のある配置があるが、やはり既存曲が強く......。連打は比較的素直
,FALSE,金時計,,,,ソ,28.5+,6↑,5,3,1,1,2,18,170,,1:34.76,中盤にかなりの量の同時押しが飛んでくる。同期の征けと違い、物量系の難しさを誇っている
,FALSE,こちら、幸福安心委員会です。,,,,,28.5,4,2,3,2,4,2,17,128,,2:23.05,初音天地開闢神話御用達の交差スライドが存在する。因みに真ん中押さえて端をタップすれば通る
,FALSE,Dear,,,,敷,28.5,4,3,3,2,3,2,17,135,,2:24.89,たまに来る縦連配置には気を付けるべし。真ん中で持ち替えるトレースやロングノーツも特徴的
,FALSE,酔いどれ知らず,,,敷,多,28.5,4,3,3,2,3,2,17,115,◎,2:12.52,ÅMARAの28版を誘導後に置きました！！みたいな配置がある。プロセカもできること増えたんだね...
,FALSE,ハッピーシンセサイザ,,,,,28.5,6,3,2,1,3,2,17,127,,2:04.72,ラスサビ前に関しては裏6分が存在する赤譜面のほうがムズいと思う。全体的に素直だが縦連注意
,FALSE,豚になってyeah yeah,,,,,28.5,5,3,2,3,2,2,17,115,◎,1:56.43,potatoと曲調が似ておりBPMも1しか違わない。やりやすい方の認識難が多めなので練習に良い
,FALSE,Change me,,,,,28.5,4,2,5,2,2,2,17,135,,2:22.00,サビ前の局所難やラスサビのくの字など厄介配置を備えている。旧レギュでできる範囲の演出がよい
,FALSE,ラッキー☆オーブ,,,,,28.5,5,2,4,2,2,2,17,126,,1:53.81,BPMは遅いが非交互配置などクセの強い配置が多め。ロングノーツの中継点も多いが落ち着くべし
,FALSE,ストロボラスト,,,,,28.5,5,3,3,2,2,2,17,120,,2:07.50,全体的に小粒が多い。サビ後半から急に難しくなるため十分に指を慣らそう
,FALSE,purpose,,,,敷,28.5,5,3,3,2,2,2,17,130,,1:40.96,リズムが難しめで24分3鍵が降ってきたりと要求地力が高め。ほんの少しロングにタップが被っている
,FALSE,我らステインバスターズ！,,,,,28.5,4,5,3,1,2,2,17,125,◎,1:41.76,28にしてこのBPMのハネリズムはシンプルに物量が多い。ただ同時押しや認識難は少なめ
,FALSE,だんだん早くなる,,,敷,多,28.5,3,3,3,4,3,1,17,88-160,,2:14.37,全レーントレースを目印に体内のメトロノームを制御しよう。ソフランなかったのが少し驚き
,FALSE,円尾坂の仕立屋,,,,,28.5,5,5,4,1,1,1,17,180,,1:53.00,傾向としては去り人に似ているが、16分→同時押しのフリックの場所が親切になっている
,FALSE,Unpoison,,,,ソ,28.5,4,3,4,2,2,2,17,119,,1:56.47,間奏地帯でこの曲に合わせた特徴的な譜面を発揮してくるが、BPMが遅いため少し叩きやすい
,FALSE,絶え間なく藍色,,,,,28.5(↑)-,5↑,2,3,2,3,2,17,125,,2:19.68,5鍵や24分、ホールドの連続など明確な難所はあるが、運指を固めれば意外と対処可能な範疇
,FALSE,Call!!,,,,,28.5(↑)-,3,2,4↑,3,1,4,17,108,◎,1:37.50,19.2分音符族だし、24分もあるし32分もあるかなりてんこ盛り譜面。キティフリックも超絶厄介...
,FALSE,ドリーマーズビート,,,敷,多,28.5,6,3,2,2,2,2,17,134,,1:33.17,とにかく同時押しの量が多く地力がないとキチィ。金タップ4連全部右からでよかったねぇ...
,FALSE,星に一番近い場所,,,,,28.4+,5,2,4,2,1,2,16,218,◎,1:58.44,サビの後半の配置が死ぬほどゲキムズ。まずフリックなし配置を考えてからフリックの場所を覚えよう
,FALSE,ド屑,,,,,28.4+,5,2,1,3,2,3,16,115,,1:55.04,コンセプト寄りの譜面で今までのプロセカにはあまり見られない斬新な配置が多い。見た目通りでOK
,FALSE,Highlight,,,,,28.4+,3,2,3,4,1,3,16,130,,1:31.15,圧倒的に厄介なのは直感に反する方向指定。認識難のいい練習譜面としてpotatoよりも活用可能
,FALSE,ULTRA C,,,敷,交,28.4+,4,3,3,2,2,2,16,128,,1:30.00,VBS書き下ろし総集編！みたいな譜面でとてもエモい。曲もそれなりに短いので詰めやすい
,FALSE,夜もすがら君想ふ,,,,,28.4+,5,4,2,1,2,2,16,148,,2:20.88,3鍵がサビに頻発するが、それに気をつければ難しい配置は少ない。あと神曲
,FALSE,うっせぇわ,,,,,28.4+,3,4,2,2,3,2,16,178,,2:11.12,曲の割に純粋に素直な良譜面で笑みが溢れてしまった。もう少しうるさい譜面が欲しかったな
,FALSE,ボトルケーキ,,,,,28.4+,3,2,2,3,3,3,16,107,◎,1:49.22,曲全体を通して160/9分ハネというバケモンリズムが搭載されている。抜けるスライド何...？
,FALSE,このまんまでいこう,,ソ,敷,交,28.4+,4,5↑,3,1,1,2,16,177,,1:45.76,アウトロの局所難かと思わせて最序盤にも4kがあったり、じわじわと責め立ててくる側面がある
,FALSE,Q,,,,,28.4+,4,4↑,1,2,2,3,16,116-120,,2:04.03,最初だけBPMが116なのをつい最近知りました。終点フリックに気をつければ難しくない
,FALSE,世界の歩き方,,,,,28.4+,5↑,3,3,2,1,2,16,125,,1:36.36,イントロとアウトロにてかなりの地力を要求されるほか、フリックの位置にも注意する必要がある
,FALSE,どんな結末がお望みだい？,,,,交,28.4+,4,4,4,2,1,1,16,190,,1:31.11,短く詰めやすい譜面であり、目立った難所も少なめ。スライドのギミックは左手を遅めに離すように
,FALSE,四角い地球を丸くする,,,ソ,敷,28.4,4,3,3,1,2,2,15,148,,2:12.57,曲の尺がかなり頑張ってくれている。多少の地力配置を乗り越えた先のラストの演出が神すぎると話題
,FALSE,JUMPIN’ OVER !,,,敷,多,28.4,4,3,3,2,1,2,15,170,,1:45.53,誘導はあるがあまり28では見ない連打の形がある。傘スライドの柄の部分どうしても左触っちゃうよね
,FALSE,アンチユー,,,,,28.4,5,3,2,2,1,2,15,129,,1:53.49,マジでウルトラハイパー超いい曲。中盤のAメロの終点無しロングノーツは全てロング部分に判定ないよ
,FALSE,エンヴィーベイビー,,,,,28.4,3,4,4,1,1,2,15,171,,2:12.11,24分がかなり鍵を握っている譜面。他は8分音符が基本で落ち着いて対処すればおそらく大丈夫
,FALSE,1000年生きてる,,,,敷,28.4,4,2,3,2,3,1,15,100,◎,1:43.80,同時押しもちょくちょく見られる低速ハネなので苦手な人は苦手。終点もちょくちょく厄介
,FALSE,夏夜ノ唄,,ソ,敷,交,28.4,4,3,2,2,3,1,15,103,◎,1:58.83,CHUNITHMのMarbleBlue.(MAS)みたいな演出がこのゲームにもやってきた！！イントロのリズムむずい
,FALSE,Wonder Style,,,,,28.4,4,2,4,3,1,1,15,128,,2:11.48,中盤の微認識難配置や小粒などが少し面倒。24分もう少し置いて本気譜面にしてほしかったかも
,FALSE,古書屋敷殺人事件,,,,,28.4,5,3,3,2,1,1,15,140,,1:57.43,そんなに譜面としての特徴はないものの、ラストの16分3kの連続が結構難しい。エイム注意
,FALSE,スマイル*シンフォニー,,,ソ,多,28.4,5,2,4,2,1,1,15,122,,1:28.28,とんでもなく難しくなると思ってたら、BPM244じゃなかった...。でもリズムが難しくてAPが厄介
,FALSE,あの夏が飽和する。,,,ソ,敷,28.4,4,3,2,1,3,2,15,90,◎,1:57.11,やりやすくしたアイロニという印象。非交互配置も点在。ラストの演出が例の削除曲から進化している
,FALSE,夏に透明,,,,敷,28.4(↑)-,5,4↑,3,1,1,1,15,128,,1:52.50,これONESELFと同じ人の曲なんだぜ...？少しばかり同時押しや非交互が多いので十分に注意しよう
,FALSE,はじまりの未来,,,敷,交,28.3+,3,3,3,2,1,2,14,156,,2:07.69,もう追加なの！？って当時は思った。曲調の変化が少し変則的で、譜面を叩きながらワクワクできる
,FALSE,ガーネットの涙,,,敷,交,28.3+,4,2,3,2,1,2,14,139,,1:54.60,コイツのせいで「交」の説明に改訂が加わった。トレースなので対応しやすい部類の交差配置ではある
,FALSE,ぼくのかみさま,,ソ,敷,交,28.3+,5,3,3,1,1,1,14,140,,1:53.04,曲が本当に神。かなり音取りが素直なので、挟まるフリックや、2箇所ある4kなどに注意すれば大丈夫
,FALSE,サマータイムレコード,,,,敷,28.3+,2,4,3,1,2,2,14,178,,2:24.27,ロングノーツが主体となっているタイプの譜面。終点がロングに重なってるのつい最近知った...
,FALSE,Beyond the way,,,,,28.3+,5,2,3,1,1,2,14,125,,1:50.88,曲がバチクソにカッコイイ。少し32分音符が含まれていて骨はある。スライドはサボろう
,FALSE,星を繋ぐ,,,敷,交,28.3,2,3,2,2,2,2,13,174,,1:33.45,28の中では異例の、スライドの中にノーツがある譜面。スライドの中の黄色タップが持ち替えの目印
,FALSE,強風オールバック,,,ソ,敷,28.3,4,2,2,1,2,2,13,135,,2:11.11,プロセカの譜面の中で一番凝っているといっても過言ではない。ÅMARAみたいな黄ロングが見づらい...
,FALSE,光線歌,,,,敷,28.3,4,3,2,1,1,2,13,138,,1:52.93,連打の中にトレースノーツが混ざっている配置が多い。動かさずに取るいい練習になりそう
,FALSE,Worlders,,,敷,多,28.3,3,3,3,1,1,2,13,137.5,,2:08.45,いっぱい「多」対象の配置があって個人的に嬉しい。24分の対処がしっかりできればさほど難しくない
,FALSE,仮死化,,,,,28.3,2,3,2,2,1,3,13,184,,2:07.83,ところどころアクセントのある配置もあるがスライドがメイン。交差部分はそんなに意識しなくてOK
,FALSE,Twilight Melody,,,,,28.3,3,4,3,1,1,1,13,165,,2:11.82,GOD SONG。海外版2周年の記念楽曲であり日本では新レギュの時期なためか、譜面がかなり大人しめ
,FALSE,明鏡止水,,,,,28.3,4,4↑,2↓,1,1,1,13,150,,1:58.20,この定数にしては地力譜面は珍しいかも。見づらい配置も交互押しでどうにかなるので徹底しよう
,FALSE,カルチャ,,,,,28.3,3,4,2,1,1,2,13,172,,1:45.70,172の16分音符が叩ければ基本的にはそこまで問題はない譜面。スライドはまあまあサボれる
,FALSE,羽歌,,ソ,敷,多,28.3,3,3,3,1,1,2,13,184,,1:34.57,時折16分→同時があり、このBPMだとまあまあ速い。ソフラン地帯でロングも生えるとは思わんやん
,FALSE,雪がとける前に,,,,敷,28.3(↑)-,3,3,3↑,1,1,2,13,167,,1:28.56,8連打からの同時押しが存在し、連打でエイムも要るため基礎を固められる。スライドの使い方が好き
,FALSE,上弦の月,,,,敷,28.2+,3,2,4,1,1,1,12,82,,2:07.32,後半に24分同時混じりや32分を平然と飛ばす系の低速譜面。中盤までを安定させておきたい
,FALSE,ヘッジホッグ,,,ソ,敷,28.2+,2,2,3,2,1,2,12,160,,2:04.50,本当にラスサビの配置はマズいと思うけど、それでもハリネズミが自然に再現されていて素敵な譜面
,FALSE,CH4NGE,,,敷,交,28.2+,2,2,2,2,2,2,12,115,◯,2:09.48,誘導線が薄くなりつつ生えてたので「交」の対象が存在する。譜面的にはハネに気をつければ問題ない
,FALSE,Supernova,,,,敷,28.2+,2,2,3,3,1,1,12,105,◎,2:03.43,短連打。初見ビックリ配置である24分7連打は今時初見で対応できた人が多いことを願っていたりする
,FALSE,太陽系デスコ,,,,,28.2+,2,2,3,1,2,2,12,150,,2:19.60,スライド楽゛し゛い゛ぃぃぃ゛ぃ゛い゛いいい！！！！！！！！！！！！！な譜面。意外と抜けない
,FALSE,私は雨,,,,,28.2+,2,2,4,1,1,2,12,144,,2:01.25,譜面が「私は雨」と言わんばかりの自己紹介をしてくる。トレース3連がかなり多いイメージ
,FALSE,演劇,,,,,28.2+,2,2,3,1,3,1,12,176,,2:02.05,なぜBPMが速いのかシリーズ。16分がちらほらあるが配置自体は素直なので落ち着こう
,FALSE,8.32,,ソ,敷,多,28.2+,3,2,2,2,2,1,12,110,,1:53.32,性格が悪いラスト上位に君臨する譜面。非交互配置自体はとても多いが、BPMが遅くやりやすい
,FALSE,きみとぼくのレゾナンス,,,,,28.2,3,2,3,1,1,1,11,130-160,,2:10.21,1回で4k配置が登場したり最後で減速したりという注意点はある。トレースの使い方が印象的
,FALSE,ありのままのストーリーを,,,,,28.2,2,3,2,1,1,2,11,181,,1:40.77,カクっとしたスライドノーツが多め。思ったより指を遅めに動かさないと抜けるので注意しよう
,FALSE,インテグラル,,,,,28.2,2,2,3,2,1,1,11,192,,1:50.94,ラストのロングノーツ以外あまり特徴がない。まあまあトレース軸ではあるので離す練習にはなるか
,FALSE,サイハテ,,ソ,敷,多,28.2,3,2,3,1,1,1,11,146,,2:06.47,あの花瓶の演出ほど心にくるもんないよ...。「多」の対象はすごくわかりづらいので探してみてね
,FALSE,『んっあっあっ。』,,,,ソ,28.2,2,1,3,2,2,1,11,123,,1:58.54,NEXT落選曲が人気を上げ収録。演出的にこのタイミングで収録して本当に正解。例のトレースは48分
,FALSE,三日月ステップ,,,,敷,28.2,3,2,2,1,1,2,11,167,,1:54.97,16分音符が結構少ないが、同時着地配置はまあまあある。連続トレースフリックは逃さないよう注意
,FALSE,花に風,,,,,28.2,2,1,3,2,2,1,11,148,,2:03.85,1サビ終わりのリズムが少し難しいだけで地力がそんなに要求されない。マジでいい曲と俺の中で話題
,FALSE,Sympathy,,,敷,多,28.2,2,3,1,1,2,2,11,184,,1:32.61,ナマステー！！！！歌詞になぞらえて4本スライドが重なるの本当に神。ほんの少し終点に注意
,FALSE,ルーマー,,ソ,敷,交,28.2,2,2,3,1,1,2,11,140,,1:56.14,ロングやトレースが暴れる地帯はあれど、終点がいい塩梅で配慮されておりかなり叩きやすい譜面
,FALSE,ラストラス,,ソ,敷,多,28.2,3,2,2,1,1,2,11,148,,2:03.24,重なるスライドの数、驚異の9本。ライブ感あふれる譜面をしており、演出もかなり凝っている
,FALSE,Snow Fairy Story,,,,敷,28.1,2,2,1,2,2,1,10,128,,2:03.52,BPMがゆったりしており地力の必要な配置も少なめだが、縦連→同時の取り方は決めておこう
,FALSE,ファイター,,,敷,交,28.0+,1,1,1,2,2,2,9,135,,1:39.00,ギミック系スライドが特徴的だが、逆にそれ以外の特徴が少なく、それが理解できれば問題ナシ
,FALSE,ハイドアンド・シーク,,,,,28.0,1,1,2,1,1,2,8,138,,2:01.74,小粒が多いが、ツギハギほどのクセがないため全体的に捌きやすい譜面をしている。1箇所24分に注意
27,FALSE,幽霊東京,,,,,27.9+,10,5,3,3,4,2,27,124,,2:07.50,スライドの色が入れ替わるところが初見のインパクト強い。要求地力が29上位すぎる
,FALSE,alive,,,,,27.8+,9,5,3,1,5,2,25,128,,1:52.73,微妙にやりづらい低BPMで16分乱打が多く降ってくる。手の入れ替えが必要な部分も多々
,FALSE,どりーみんチュチュ,,,,,27.8+,8,5,4,1,5,2,25,128,,2:14.53,曲がとてもカワイイが長い。終点がヤバいのでSE有で感覚掴むのも大アリだったりするかも
,FALSE,セカイ,,,,,27.8,8,6,4,1,3,2,24,133,▲,1:46.47,リズム難や地力の求められる24分といった難要素が多い。コイツ、元26なんだぜ...？信じられるか...？
,FALSE,メルティランドナイトメア,,,,,27.8,8,6,4,2,3,1,24,140,,1:52.82,地力配置が元26の中では格段に多く納得の昇格を果たした。このBPMのくの字は流石にアカン
,FALSE,アイスドロップ,,,,,27.7+,7,7,3,2,1,2,22,158,,1:41.01,曲がいい。でも急に終わる感ある。後半随所に現れる16分2打のリズムや同時押しに注意
,FALSE,炉心融解,,,,,27.7+,7,6,4,2,2,1,22,165,,2:00.73,高難易度くるかなぁと思ったが意外と抑え目だった。噛み合った歯車スライド好き
,FALSE,番凩,,,,ソ,27.7,7,5,4,1,2,2,21,90-128,,1:58.28,読み方は「つがいこがらし」。地力配置多めでBPM変化耐性も必要。最後に実は低速ソフランも
,FALSE,愛されなくても君がいる,,,,,27.7,6,6,4,2,1,2,21,150,,2:13.40,小粒混じりの乱打が多い譜面。後半に難所が集中している感じ。落ち着いて叩こう
,FALSE,タイムマシン,,,,,27.7,6,5,5,2,2,1,21,126,,1:57.14,コラボ先に先行収録されるというレアケース。左3連縦連が2回連続でくるのやばいでしょ
,FALSE,からくりピエロ,,,,,27.6+,4,4,4,2,3,3,20,102,◎,2:15.29,案の定回っていくスライド。中継点に意識を向けることで抜けを防げる。ハネリズムなのも難しい
,FALSE,Blessing,,,,,27.6+,4,4,3,2,4,3,20,110,,2:08.72,これノーツの色で6人それぞれを表してる説ないかな。アイムマインに引用があるの最高にエモい
,FALSE,スイートマジック,,,,,27.6+,4,4,3,1,5,3,20,123,,2:22.20,局所難。1サビとラスサビの間とか最後とか。BPM遅いとはいえゴリ押しが多め
,FALSE,眠らせ姫からの贈り物,,,,,27.6+,7,5↑,2↓,1,3,2↑,20,126,,2:01.19,サビ以降絶対BPM252だろ...w アウトロは同時→3連打→同時のいい練習になるぞ
,FALSE,from Y to Y,,,,,27.6,7,4,3,1,3,1,19,98,◎,2:32.44,BPMが100を切るハネリズム。サビにはなぜか32分が紛れ込んでいるが気にする必要はない
,FALSE,青く駆けろ！,,,,,27.6,3,7,4,1,3,1,19,190,,1:51.32,片手を長押しさせてもう片方で8分音符を叩かせる配置が多い。主はこういうの苦手
,FALSE,ニア,,,,,27.6,7,5,3,1,1,2,19,128,,1:49.45,BPMも遅くゴリ押しのいい練習譜面って感じ。「ニア」で黄色音符くるのよい
,FALSE,星空のメロディー,,,,,27.6,7,4,4,2,1,1,19,113,,1:46.19,寧々の歌声が最高すぎるんじゃ。セリフ地帯は指押しの練習にかなり良い譜面となっている
,FALSE,青色絵具,,,,,27.6,5,4↓,4,3↑,1,2,19,126,,2:31.90,長いしアウトロがマジモンのむずさ。謎の24分を入れてさらに12分割ノーツ3連。本当に27？
,FALSE,千年の独奏歌,,,,,27.6,4,2,5,5,2,1,19,108,,2:24.17,32分→同時フリック、この譜面が初説ない？長い局所難ということで沼ると苦しい
,FALSE,妄想感傷代償連盟,,,,,27.5+,6,3,1,4,2,2,18,110,,2:16.91,愛や厭地帯では譜面認識力が試される。どの指から入るかをしっかり見極めて認識難力をつけよう
,FALSE,深海少女,,,,,27.5+,5,4,4,2,1,2,18,137,,2:18.18,直感に反する始点やラスサビ以降が結構厄介。初手には64分2打が飛んでくる
,FALSE,群青讃歌,,,,,27.5+,5,6,2,2,1,2,18,168,,1:34.29,1年ぶりに「ユニット:その他」の楽曲が追加された話。少しクセのある配置もあるがかなり素直
,FALSE,レイヤーノート,,,,ソ,27.5+,5,3,4,2,1,3,18,78,◎,1:59.23,ソフランの使い方がかなり特徴的。小粒4kなどの厄介めな配置が端に寄っており、エイム力が必要
,FALSE,blender,,,,敷,27.5+,4,3,3,2,4,2,18,103,◎,2:05.24,低速配置もさることながら終点がかなりやっている譜面。同時に来るタップを押す瞬間に離そう
,FALSE,心拍数♯0822,,,,,27.5+,6,3,3,1,3,2,18,114,,1:59.74,脈打つ譜面に見惚れて始点終点のタイミングを逃さぬよう。せっかくなんだから822ノーツにして...
,FALSE,い〜やい〜やい〜や,,,ソ,交,27.5+,4,4,2,3,2,3,18,128,,2:02.34,タップの置き方が縦連に寄っており難しいほか、トレースフリックの感覚をつかむ練習にもなる
,FALSE,ハロ／ハワユ,,,,,27.5,5,3,1,2,4,2,17,95,◎,2:17.47,3年と4ヶ月の音取りミスの歴史についに幕が降りた。だがそれはそれで取りづらい箇所も増えている
,FALSE,街,,,,,27.5,5,4,3,3,1,1,17,128,,1:37.73,イントロの1箇所に謎に32分音符が置いてある。16分音符の入り手がたまにわからなくなる印象
,FALSE,トリノコシティ,,,,,27.5,5,5,4,1,1,1,17,135,,1:54.89,全体的に大人しいが終盤の乱打が少々難しい。乱打が苦手な方には練習で使えるかも
,FALSE,箱庭のコラル,,,,,27.5,5,4,4,2,1,1,17,138,,2:06.74,ラスサビ以降は地力を要する配置が登場するが、それ以外は素直なので安定させよう
,FALSE,on the rocks,,,,,27.5,5,5,3,1,1,2,17,150,,1:59.80,27の中でも取りやすい配置が多めでやりやすい。韓国版では唯一出禁になっている
,FALSE,フロート・プランナー,,,,,27.5,4,3,5,2,2,1,17,138,,1:39.78,最序盤の初見殺しスライドが特徴。後半に縦連を含む難所が詰まっているので、手首を意識してみよう
,FALSE,砂の惑星,,,,,27.5,4,5,3,2,1,2,17,95,,2:11.05,スライドが置かれている場所のせいでMASTER叩いてるとBPM190に見える。付点16分が健在
,FALSE,ドレミファロンド,,,,交,27.5,6,4,1,3,1,2,17,125,◎,2:00.52,27になった抜錨なので当然マジで難しい。交差配置のタイミングは覚えることも推奨される
,FALSE,イフ,,,,,27.4+,4,4,2,1,3,2,16,135,,2:04.44,圧倒的、神曲。アウトロ前のフリックの置き方が手拍子を意識させてきて良い。左4連フリックに注意
,FALSE,ロンリーユニバース,,,,,27.4+,4,4,1,1,3,3,16,100,,2:16.20,曲の雰囲気に従い小粒が多い。しばらく唯一の基本BPM100だったが、急に2曲も増えた
,FALSE,「1」,,,,,27.4+,4,4,3,2,1,2,16,145-150,,1:35.52,サビ3小節前からのBPM変化と拍子変化が特徴的。局所リズム難なので意識をもとう
,FALSE,Connecting,,,ソ,多,27.4+,4↑,4↑,3,2,1↓,2,16,91,,1:53.41,もうBPMが実質182みたいなところある譜面。ラストは手拍子しながら取れるいい配置
,FALSE,悪ノ娘,,,,,27.4,5,5,1,1,2,1,15,140,,1:25.71,悪ノ召使と全難易度を通してノーツ数が同じという作り込み。クセも少なくスコア効率も高めらしい
,FALSE,悪ノ召使,,,,,27.4,4,3,2,1,4,1,15,120,,1:30.00,悪ノ娘とノーツ数を揃えるためかロングノーツの終点が多く、BPMも遅いのでしっかり意識が必要
,FALSE,少女レイ,,,,,27.4,4,3,2,2,2,2,15,150,,2:35.20,このゲーム史上一番「死」が直接的に描写されている曲だと思う。カクカクは境界あたりを押そう
,FALSE,ブラック★ロックシューター,,,,,27.4,4,5,2,1,1,2,15,140-165,,1:44.20,かなり素直な譜面となっているが16分→同時に注意。最後のスライド初見で持ち替えたのはヒミツ
,FALSE,Ribbon,,ソ,敷,多,27.4,3,2,5,2,1,2,15,128,,1:33.75,アウトロを耐えられれば勝ちな譜面であるが、BPMが遅めとはいえ28顔負けの配置を飛ばしてくる
,FALSE,告白,,ソ,敷,多,27.4,5,3,2,3,1,1,15,78,◎,1:56.93,アリアに続き、素晴らしい発想を見せてくれる譜面。ソフランもAC音ゲーばりに多めだったりする
,FALSE,私は、私達は,,,,,27.4,4,4,3,1,1,2,15,170,,1:42.35,基本的には8分音符で構成されているので、リズム感の練習にはもってこい。片手責めがエグいので注意
,FALSE,イレヴンス,,,敷,交,27.4(↑)-,3,3,2,3↑,2,2,15,128,,1:30.00,適正帯の人々にとっては一目で何をすればいいかわからない配置が2箇所ほど。曲が良すぎる
,FALSE,虚ろを扇ぐ,,,,,27.3+,5,3,3,1,1,1,14,124,,2:31.94,同時押し24分2打がMASTERに留まらずEXPERTにも存在する。長いので沼ると苦しい
,FALSE,ダブルラリアット,,,,,27.3+,4,4,2,1,1,2,14,138,,2:15.65,年齢を重ねるほど良さがわかる曲。間奏地帯とラスサビ後半が難しいので身構えるべし
,FALSE,キラピピ★キラピカ,,ソ,敷,交,27.3+,3,3,3,2,1,2,14,160,,1:36.75,運営がついに27でも遊びだした。高難易度できないけどギミックを体感したい人にとてもオススメ
,FALSE,ラグトレイン,,,,ソ,27.3+,4,3,2,1,2,2,14,147,,1:59.18,16分からの同時押しがまあまあ多め。BPMがちょうどいいためこの手の配置の練習にいいかも
,FALSE,Catch the Wave,,,,敷,27.3+,4,5↑,2,1,1,1,14,153,,1:29.02,素直な譜面だが、27の割にBPMが速く、この速度の16分→同時の練習に使ってもいいかもしれない
,FALSE,メランコリック,,,,ソ,27.3,3,3,4,1,1,1,13,140,,2:21.86,やはり曲通りBメロが難しいと言ったところか。例によって序盤の細いロングは動かさなくてOK
,FALSE,flos,,,,,27.3,2,3,3,2,1,2,13,118,◎,2:01.53,低速ハネリズムの良い練習曲。アウトロの同時押しがトレースなのがめちゃくちゃに良心
,FALSE,Afterglow,,,,,27.3,3↑,3↓,4,1,1,1,13,68.75-183,,2:09.10,長らく瞬間BPM最低だったが、とある新曲に抜かれた。加速後も譜面自体はかなり素直
,FALSE,Sharing The World,,,,,27.3(↑)-,4↑,3,2,2,1,1,13,129,,2:25.58,少しだけ癖のある配置が存在するが、それでもそれ以外に難所がなくこの定数まで落ちてしまった
,FALSE,烈火,,,,多,27.2+,3,2,2,2,1,2,12,132,,2:08.86,終点ナシスライドの終点にあたる部分に通常フリックがあったが、修正されて終点へ。仕事が速い
,FALSE,ストラタでまちあわせ,,,ソ,敷,27.2+,3,2,1,3,1,2,12,86,◎,1:54.55,付点32分ハネ！変態ハネが久々にやってきた！脳天の進化版配置が登場するので適正者にはむずいかも
,FALSE,Who?,,,,交,27.2,2,1,3,2,1,2,11,128,,1:44.14,間奏で牙を剥いてくるタイプ。「コレ大ドベか..？」と思った矢先に32分が飛んできてビックリした
,FALSE,あいしていたのに,,,ソ,敷,27.2,1,1,2,3,2,2,11,92,,1:48.99,いい意味で「鑑賞する」譜面をしており本当に感動。誘導に乗る練習になるのでマスターしよう
,FALSE,ぽかぽかの星,,,,,27.2,3,2,2↑,1,1↓,2,11,227,,1:43.08,ロングのノーツの増え方でまず爆笑する譜面。あんな曲ゆったりしてるのに速すぎるねん...
,FALSE,On&On,,,,ソ,27.2,2,2,2,1,1,3,11,126,◎,1:49.23,シャレオツ曲シャレオツ譜面ランキングNo.1。19.2分ハネも非常に特徴的。トレースには注意
,FALSE,生きる,,,ソ,敷,27.2,2,2,1,3,1,2,11,112,,1:30.00,ロングノーツ上のトレースノーツを追いかけるというあまり類を見ない配置が特徴。最悪押しても◯
,FALSE,MOTTO!!!,,,,敷,27.1+,2,2,2,1,1,2,10,130,◯,2:13.85,局所の低速ハネ譜面には注意。敷譜面や爽快なトレースノーツを体感したい人にかなりオススメ
,FALSE,飾って,,,,ソ,27.1+,2,2,3,1,1,1,10,90,◯,1:49.17,スライドのソフランがかなりスゴい。局所的に地力配置が飛んでくるので、練習にいい感じの譜面
,FALSE,脳天,,,,敷,27.1+,1,2,1,3↑,1,2,10,144,,1:50.42,プロセカの新レギュ特有の誘導に慣れていくための譜面。適正者目線ではキツいのかも......
,FALSE,恋は戦争,,,,敷,27.1,1,1,1,3,1,2,9,175,,2:19.89,27の中でもBPMは速いが曲調も相まって密度が低い。ギザギザスライドは直線的に動かそう
,FALSE,そこに在る、光。,,,ソ,交,27.0,2,1,3,1,0,1,8,132,,1:29.09,常識を覆すノーツ数の少なさに加え判定のあるロングノーツが全くない。終盤は少しだけムズい
,FALSE,Shadow Shadow,,,,ソ,27.0,2,2,1,1,1,1,8,135,,2:01.56,本当に難所という難所が16分→同時しかなく、曲通りのリズムをキープできればかなり平易
26,FALSE,カナデトモスソラ,,,,,26.9,10,7,5,1,2,1,26,158,◎,1:47.09,他の難易度の.0帯とこの譜面が比較に値するほど難しい。適正者にとってかなり物理的に苦しい
,FALSE,独りんぼエンヴィー,,,,,26.8+,9,6,4,2,3,1,25,132,,1:12.73,音ゲー収録曲でここまで短い曲が今まであるのだろうか...と今でも思う。24分がムズい
,FALSE,君の夜をくれ,,,,,26.8,7,5,5,1,5,1,24,80,◯,1:56.25,26で悪魔の踊り方(難易度31)の劣化みたいなことしてくる。48分音符からの同時押しはおそらく唯一
,FALSE,アイノマテリアル,,,,,26.7+,8,5,3,2,2,3,23,120,,1:57.00,このBPMとはいえ両手フリック+2打の16分3打配置はちょい乱暴。これと方向指定以外は割と素直
,FALSE,それがあなたの幸せとしても,,,,,26.7,6,5,5,2,3,1,22,71-77,,2:05.47,32分や48分がたまに現れる字面だけヤバい譜面。それら以外で厄介めな要素は少なめではある
,FALSE,ray,,,,,26.6+,7,5,4,2,1,2,21,132,,2:07.27,神曲すぎる、少しだけ認識難っぽい配置やスライド終点フリックがあるが、素直な配置が多め
,FALSE,自傷無色,,,,,26.6+,7,4,2,1,4,3,21,120,◎,1:41.50,低速ハネ。求められるフリックや片手責めの技術エグめ。初めてこの曲を聴いた時の衝撃が忘れられない
,FALSE,ノマド,,,,,26.6,5,4,3,4,3,1,20,90,◎,1:28.00,俗に言うゴママヨ配置や中継点の多い細スライドに注意。個人的に48分の音取って欲しかった
,FALSE,glow,,,,,26.6,6,4,5,1,3,1,20,85,,2:36.00,32分からの同時押しがなかなかに多い骨のある譜面。それ故現行26ではなかなかの立ち位置
,FALSE,夜明けと蛍,,,,,26.5+,5,4,4,2,2,1,18,80,,2:23.25,間奏地帯のリズムが少し難しいが、それ以外は落ち着けば取れる。遅いのが逆に難しいという話も
,FALSE,トワイライトライト,,,,,26.5+,6,4,1,1,3,2↑,17,88,◎,1:38.41,24分→同時押しの流れが26にしては少し多めでまあまあ忙しい。交差するスライドにも注意
,FALSE,メタモリボン,,,,,26.5,5,3,3,1,2,2,16,123,,1:39.51,旧レギュ再評価の恩恵をモロに受けた譜面。フリック4連続や少々のリズム難が効いている
,FALSE,すれすれ,,,,,26.5,5,4,2,1,2,2,16,86,◎,1:34.19,終点トレースが多く打音的にはあまり気持ち良くないし難しい。曲は本当にマジで良い
,FALSE,メリュー,,,,,26.5,4,4,3,1,1,3,16,130,,2:16.15,連続フリックの練習曲といったところか。個人的に譜面に解釈一致な部分が多くて好きです
,FALSE,ECHO,,,,,26.5,2,4,1,3,2,4,16,140,,1:36.00,8分音符までしかない異端な譜面。終点フリックはスライドと別の動きをすることを意識しよう
,FALSE,Fondant Step,,,ソ,敷,26.4+,3,3,2,2,3,2,15,85-141,◎,2:01.82,最近の26って結構難しくない？最初から縦連を飛ばしてくるなど、まあまあ容赦がない配置が多い
,FALSE,彗星ノ銀河,ソ,敷,交,多,26.4+,4,3,2,3,1,2,15,85,◎,2:00.71,突如として現れた26のギミック譜面(しかもコンプ)。ハネも付点32分と32分の2種類があってちょっと嫌
,FALSE,いちにのさんで,,,,,26.4+,5,2,3,2,1,2,15,83,◎,2:36.14,再生同様スライドをサボれる部分が非常に多い。暇な人は長押ししない縛りやってみよう
,FALSE,ハジメテノオト,,,,,26.4+,4,3,3,2,2,1,15,100,,2:04.65,ミクの日追加曲。最初と後半にモールス信号がある。BPM100に落とし込んだ地力譜面という印象
,FALSE,インタビュア,,,,,26.4+,3,3,4,1,2,2,15,125,,2:21.84,「」の再現やスライドの色が変わる演出など、26の譜面の中でもかなり楽しめる譜面
,FALSE,Intergalactic Bound,,,,,26.4,4,3,3,1,2,1,14,140,,2:03.21,26の中でBPMは3位タイかつ、たまに現れる16分絡みの配置が譜面全体で見ても尖っている
,FALSE,相生,,,,,26.4,3,3,4,2,1,1,14,140,,2:37.29,最近は64分微ズレがトレンドらしい。急な12分には注意。最初から歌詞のスケールがデカい
,FALSE,泥中に咲く,,,,,26.4,3,3,1,3,3,1,14,85,,2:08.82,前半は再生を彷彿とさせる方向指定や小粒の多さが厄介。後半は大きいノーツに惑わされぬよう注意
,FALSE,その絵の名前は,,,,ソ,26.3+,2,2,5,2,1,1,13,86,,1:57.91,2箇所くらい32分2打→24分7打というあり得ないリズムがあり、それだけで難易度が担保されている
,FALSE,再生,,,,,26.3+,1,2,1,4,2,3↑,13,76,,1:37.89,スライドをサボる快感を一番味わいやすい譜面。謎に置かれている方向指定フリックがムズい
,FALSE,ハッピーチートデー,,,,,26.3,3,3,3,1,1,1,12,124,◎,1:55.65,26に6鍵参戦！！！Where shall we go?の強化版的な立ち位置だと思う。消されたAPPEND......
,FALSE,Where shall we go?,,,,,26.3,3,2,2,1,3,1,12,119,◎,1:52.77,BPMが低い上24分が存在しないので、かなりゆったりプレイできるが、終点は厄介
,FALSE,オーダーメイド,,,,,26.3,2,1,4,3,1,1,12,75,,1:58.40,48分3鍵と24分7鍵が存在するという、字面だけ見ればヤバすぎる譜面が爆誕した
,FALSE,クリスタルスノウ,,,,交,26.2,3,3,1,2,1,1,11,135,,1:36.44,16分が多い地帯が数ヶ所ありリズムキープの基礎が必要。交差配置は適正者にとって慣れが必要カモ
,FALSE,エピローグに君はいない,,,,,26.2,3,2,1,1,2,2,11,85,◎,1:49.41,うねうねスライドが多いがBPMが遅い故だいだいサボれる。終点方向指定の練習に
,FALSE,Packaged,,,,,26.1+,3,2,2,1,1,1,10,125,,2:02.76,Tell Your Worldの引用に全人類が涙を流したとされている。中盤に少しだけ地力配置がある
,FALSE,心做し,,,,,26.1,2,2,2,1,1,1,9,84,,2:15.36,たまにちょくちょく32分が登場する程度でそこまで癖はない。MASTER入門には割とオススメかも
,FALSE,アサガオの散る頃に,,,,,26.1,2,1,2,2,1,1,9,85,,2:26.82,何気に初のBPM80台の曲。蝉の鳴き声がリズムを壊しにくるんだけどそこどうにかならんかったか...
,FALSE,Tell Your World,,,,,26.1,1,2,2,1,2,1,9,150,,2:00.00,27最弱組の降格で永遠に動かないと思われていた定数が動いた。これが歴史である...
,FALSE,Goodbye,,,,,26.0-,1,1,1,1,2,2,8,133,,2:02.71,新・MASTER超絶入門曲。特有のクセがあるが、捌く上では何も引っかかる部分がない
,FALSE,Copycat,,,,,26.0,1↓,1,2↑,1,1,2↑,8,137,,2:00.66,Goodbyeよりは後半に骨があるがこちらも基本厄介でない配置が飛んでくる。AP狙いに最適
,FALSE,回る空うさぎ,,,,ソ,26.0,1,3↑,1,1,0,2,8,120,,2:02.89,"""ガチ""のGOD譜面。取る音を裏の音で統一している超絶珍しい譜面。エイムだけ少し注意が必要"
25,FALSE,25時の情熱,,,,,25.9+,10,4,3,1,4,1,23,86,,1:51.45,GoodbyeやCopycatの降格後に収録されたため、難易度の歴史は動いたが余裕でこの2譜面より難しい
,FALSE,余花にみとれて,,,,,25.7,7,3,2,1,3,2,18,83,,2:02.89,曲も譜面も本当に綺麗で感動......。25時の情熱ほどではないがちゃんと32分などの難所はあるぞ
,FALSE,あなたの空が泣くのなら,,,,ソ,25.1,3,1,2,1,2,3,12,88,,1:59.49,ちゃんと25してるのが出てきた感。途中まで終点見せないからビビった。MAS25初のソフランも