chart_id,music_id,title,pronunciation,difficulty,play_level,chart_constant,total_note_count,published_at
5,1,Tell Your World,てるゆあわーるど,master,26,,1147,2019-06-10
4001,1,Tell Your World,てるゆあわーるど,append,25,,1353,2019-06-10
9,2,ロキ,ろき,expert,24,,827,2019-06-10
10,2,ロキ,ろき,master,29,,975,2019-06-10
4090,2,ロキ,ろき,append,28,,1040,2019-06-10
14,3,テオ,てお,expert,27,,997,2019-06-10
15,3,テオ,てお,master,32,,1221,2019-06-10
29,6,ヒバナ -Reloaded-,ひばなりろーでっど,expert,28,,808,2019-06-10
30,6,ヒバナ -Reloaded-,ひばなりろーでっど,master,32,,1060,2019-06-10
4002,6,ヒバナ -Reloaded-,ひばなりろーでっど,append,34,,1351,2019-06-10
40,8,タイムマシン,たいむましん,master,27,,903,2021-02-10
49,10,ハッピーシンセサイザ,はっぴーしんせさいざ,expert,24,,859,2019-06-10
50,10,ハッピーシンセサイザ,はっぴーしんせさいざ,master,28,,1136,2019-06-10
4088,10,ハッピーシンセサイザ,はっぴーしんせさいざ,append,29,,1205,2019-06-10
54,11,ビバハピ,びばはぴ,expert,24,,597,2020-10-11
55,11,ビバハピ,びばはぴ,master,29,,722,2020-10-11
4142,11,ビバハピ,びばはぴ,append,31,,884,2020-10-11
65,13,Nostalogic,のすたろじっく,master,29,,985,2019-06-10
74,15,drop pop candy,どろっぷぽっぷきゃんでぃ,expert,25,,773,2021-02-15
75,15,drop pop candy,どろっぷぽっぷきゃんでぃ,master,29,,902,2021-02-15
89,18,アスノヨゾラ哨戒班,あすのよぞらしょうかいはん,expert,25,,1073,2020-10-01
90,18,アスノヨゾラ哨戒班,あすのよぞらしょうかいはん,master,29,,1208,2020-10-01
95,19,シャルル,しゃるる,master,28,,824,2019-06-10
4025,19,シャルル,しゃるる,append,28,,1000,2019-06-10
104,21,脱法ロック,だっぽうろっく,expert,26,,972,2020-10-04
105,21,脱法ロック,だっぽうろっく,master,31,,1145,2020-10-04
109,22,命に嫌われている,いのちにきらわれている,expert,26,,756,2020-10-05
110,22,命に嫌われている,いのちにきらわれている,master,30,,979,2020-10-05
129,26,劣等上等,れっとうじょうとう,expert,25,,825,2019-06-10
130,26,劣等上等,れっとうじょうとう,master,30,,952,2019-06-10
4136,26,劣等上等,れっとうじょうとう,append,30,,939,2019-06-10
135,27,Just Be Friends,じゃすとびーふれんず,master,28,,989,2020-10-03
139,28,ドクター＝ファンクビート,どくたーふぁんくびーと,expert,27,,984,2019-06-10
140,28,ドクター＝ファンクビート,どくたーふぁんくびーと,master,32,,1198,2019-06-10
179,36,ミラクルペイント,みらくるぺいんと,expert,25,,1300,2020-10-13
180,36,ミラクルペイント,みらくるぺいんと,master,30,,1437,2020-10-13
189,38,ブリキノダンス,ぶりきのだんす,expert,25,,852,2019-06-10
190,38,ブリキノダンス,ぶりきのだんす,master,30,,967,2019-06-10
204,41,スイートマジック,すいーとまじっく,expert,24,,920,2019-06-10
205,41,スイートマジック,すいーとまじっく,master,27,,1224,2019-06-10
4065,41,スイートマジック,すいーとまじっく,append,25,,1126,2019-06-10
214,43,ネクストネスト,ねくすとねすと,expert,27,,983,2019-06-10
215,43,ネクストネスト,ねくすとねすと,master,30,,1131,2019-06-10
220,44,Hand in Hand,はんどいんはんど,master,28,,1072,2020-10-08
4049,44,Hand in Hand,はんどいんはんど,append,28,,1020,2020-10-08
225,45,39みゅーじっく！,さんきゅーみゅーじっく,master,28,,1039,2020-10-16
4125,45,39みゅーじっく！,さんきゅーみゅーじっく,append,27,,1039,2020-10-16
229,46,グリーンライツ・セレナーデ,ぐりーんらいつせれなーで,expert,27,,1034,2020-12-29
230,46,グリーンライツ・セレナーデ,ぐりーんらいつせれなーで,master,31,,1174,2020-12-29
234,47,メルト,めると,expert,25,,1363,2019-06-10
235,47,メルト,めると,master,29,,1586,2019-06-10
239,48,ワールドイズマイン,わーるどいずまいん,expert,24,,1248,2020-10-06
240,48,ワールドイズマイン,わーるどいずまいん,master,29,,1417,2020-10-06
244,49,初音ミクの消失,はつねみくのしょうしつ,expert,30,,1502,2019-06-10
245,49,初音ミクの消失,はつねみくのしょうしつ,master,35,,1666,2019-06-10
250,50,Blessing,ぶれっしんぐ,master,27,,986,2019-06-10
254,51,セカイはまだ始まってすらいない,せかいはまだはじまってすらいない,expert,24,,774,2019-06-10
255,51,セカイはまだ始まってすらいない,せかいはまだはじまってすらいない,master,29,,1027,2019-06-10
259,52,potatoになっていく,ぽてとになっていく,expert,24,,721,2020-11-07
260,52,potatoになっていく,ぽてとになっていく,master,29,,863,2020-11-07
4018,52,potatoになっていく,ぽてとになっていく,append,25,,703,2020-11-07
269,54,Ready Steady,れでぃすてでぃ,expert,25,,564,2019-06-10
270,54,Ready Steady,れでぃすてでぃ,master,29,,667,2019-06-10
274,55,Forward,ふぉわーど,expert,24,,737,2020-12-08
275,55,Forward,ふぉわーど,master,28,,895,2020-12-08
284,57,アイドル新鋭隊,あいどるしんえいたい,expert,24,,754,2019-06-10
285,57,アイドル新鋭隊,あいどるしんえいたい,master,29,,940,2019-06-10
299,60,悔やむと書いてミライ,くやむとかいてみらい,expert,26,,815,2019-06-10
300,60,悔やむと書いてミライ,くやむとかいてみらい,master,30,,973,2019-06-10
304,61,携帯恋話,けいたいれんわ,expert,25,,981,2020-10-15
305,61,携帯恋話,けいたいれんわ,master,29,,1131,2020-10-15
309,62,ジャックポットサッドガール,じゃっくぽっとさっどがーる,expert,26,,647,2020-10-20
310,62,ジャックポットサッドガール,じゃっくぽっとさっどがーる,master,29,,767,2020-10-20
314,63,needLe,にーどる,expert,25,,889,2019-06-10
315,63,needLe,にーどる,master,29,,1029,2019-06-10
319,64,ステラ,すてら,expert,26,,955,2020-10-18
320,64,ステラ,すてら,master,30,,1190,2020-10-18
4003,64,ステラ,すてら,append,31,,1553,2020-10-18
330,66,ハロ／ハワユ,はろはわゆ,master,27,,851,2019-06-10
335,67,自傷無色,じしょうむしょく,master,26,,829,2019-06-10
339,68,ダンスロボットダンス,だんすろぼっとだんす,expert,26,,927,2020-10-07
340,68,ダンスロボットダンス,だんすろぼっとだんす,master,30,,1057,2020-10-07
344,69,フラジール,ふらじーる,expert,24,,863,2019-06-10
345,69,フラジール,ふらじーる,master,28,,1040,2019-06-10
4103,69,フラジール,ふらじーる,append,28,,999,2019-06-10
349,70,メルティランドナイトメア,めるてぃらんどないとめあ,expert,24,,934,2020-10-25
350,70,メルティランドナイトメア,めるてぃらんどないとめあ,master,27,,959,2020-10-25
354,71,ツギハギスタッカート,つぎはぎすたっかーと,expert,24,,854,2019-06-10
355,71,ツギハギスタッカート,つぎはぎすたっかーと,master,28,,861,2019-06-10
359,72,ブレス・ユア・ブレス,ぶれすゆあぶれす,expert,24,,696,2021-01-04
360,72,ブレス・ユア・ブレス,ぶれすゆあぶれす,master,29,,873,2021-01-04
365,73,ニア,にあ,master,27,,841,2020-10-02
370,74,独りんぼエンヴィー,ひとりんぼえんヴぃー,master,26,,589,2020-12-14
375,75,ウミユリ海底譚,うみゆりかいていたん,master,28,,833,2020-12-01
380,76,セカイ,せかい,master,27,,858,2019-06-10
4079,76,セカイ,せかい,append,28,,945,2019-06-10
384,77,ワーワーワールド,わーわーわーるど,expert,24,,789,2019-06-10
385,77,ワーワーワールド,わーわーわーるど,master,29,,960,2019-06-10
4096,77,ワーワーワールド,わーわーわーるど,append,29,,1170,2019-06-10
389,78,ぼうけんのしょがきえました！,ぼうけんのしょがきえました,expert,26,,951,2019-06-10
390,78,ぼうけんのしょがきえました！,ぼうけんのしょがきえました,master,31,,1092,2019-06-10
404,81,夜咄ディセイブ,よばなしでぃせいぶ,expert,26,,1165,2020-10-09
405,81,夜咄ディセイブ,よばなしでぃせいぶ,master,30,,1311,2020-10-09
410,82,alive,あらいぶ,master,27,,1016,2019-06-10
414,83,Gimme×Gimme,ぎみぎみ,expert,26,,842,2020-10-10
415,83,Gimme×Gimme,ぎみぎみ,master,29,,907,2020-10-10
419,84,ジャンキーナイトタウンオーケストラ,じゃんきーないとたうんおーけすとら,expert,26,,1070,2020-10-12
420,84,ジャンキーナイトタウンオーケストラ,じゃんきーないとたうんおーけすとら,master,31,,1374,2020-10-12
424,85,Leia - Remind,れいありまいんど,expert,25,,970,2020-10-19
425,85,Leia - Remind,れいありまいんど,master,29,,1155,2020-10-19
430,86,on the rocks,おんざろっくす,master,27,,1004,2020-10-14
435,87,恋愛裁判,れんあいさいばん,master,28,,1149,2020-12-30
439,88,チュルリラ・チュルリラ・ダッダッダ！,ちゅるりらちゅるりらだっだっだ,expert,26,,1246,2021-01-03
440,88,チュルリラ・チュルリラ・ダッダッダ！,ちゅるりらちゅるりらだっだっだ,master,31,,1401,2021-01-03
445,89,Color of Drops,からーおぶどろっぷす,master,28,,918,2021-01-29
4047,89,Color of Drops,からーおぶどろっぷす,append,26,,1028,2021-01-29
449,90,限りなく灰色へ,かぎりなくはいいろへ,expert,26,,818,2021-02-26
450,90,限りなく灰色へ,かぎりなくはいいろへ,master,31,,849,2021-02-26
454,91,ドラマツルギー,どらまつるぎー,expert,25,,747,2020-12-28
455,91,ドラマツルギー,どらまつるぎー,master,29,,862,2020-12-28
4143,91,ドラマツルギー,どらまつるぎー,append,30,,931,2020-12-28
459,92,乙女解剖,おとめかいぼう,expert,24,,834,2020-11-01
460,92,乙女解剖,おとめかいぼう,master,28,,1002,2020-11-01
464,93,青く駆けろ！,あおくかけろ,expert,24,,919,2020-10-17
465,93,青く駆けろ！,あおくかけろ,master,27,,1048,2020-10-17
4017,93,青く駆けろ！,あおくかけろ,append,30,,1446,2020-10-17
470,94,とても痛い痛がりたい,とてもいたいいたがりたい,master,28,,915,2021-01-05
4112,94,とても痛い痛がりたい,とてもいたいいたがりたい,append,30,,1226,2021-01-05
474,95,威風堂々,いふうどうどう,expert,24,,975,2021-03-15
475,95,威風堂々,いふうどうどう,master,28,,1166,2021-03-15
4016,95,威風堂々,いふうどうどう,append,29,,1269,2021-03-15
479,96,from Y to Y,ふろむわいとぅわい,expert,24,,847,2021-03-22
480,96,from Y to Y,ふろむわいとぅわい,master,27,,982,2021-03-22
484,97,霽れを待つ,はれをまつ,expert,26,,974,2021-01-10
485,97,霽れを待つ,はれをまつ,master,31,,1106,2021-01-10
489,98,ロストワンの号哭,ろすとわんのごうこく,expert,26,,947,2021-10-02
490,98,ロストワンの号哭,ろすとわんのごうこく,master,33,,1157,2021-10-02
494,99,モア！ジャンプ！モア！,もあじゃんぷもあ,expert,26,,1011,2020-11-19
495,99,モア！ジャンプ！モア！,もあじゃんぷもあ,master,31,,1257,2020-11-19
4004,99,モア！ジャンプ！モア！,もあじゃんぷもあ,append,30,,1518,2020-11-19
500,100,ECHO,えこー,master,26,,805,2021-01-02
4098,100,ECHO,えこー,append,29,,1102,2021-01-02
504,101,RAD DOGS,らっどどっぐす,expert,26,,1067,2021-01-31
505,101,RAD DOGS,らっどどっぐす,master,30,,1197,2021-01-31
4106,101,RAD DOGS,らっどどっぐす,append,32,,1335,2021-01-31
509,102,幽霊東京,ゆうれいとうきょう,expert,24,,904,2021-05-03
510,102,幽霊東京,ゆうれいとうきょう,master,27,,1053,2021-05-03
514,103,ニジイロストーリーズ,にじいろすとーりーず,expert,25,,881,2020-12-20
515,103,ニジイロストーリーズ,にじいろすとーりーず,master,29,,1054,2020-12-20
519,104,サンドリヨン 10th Anniversary,さんどりよんてんすあにばーさりー,expert,25,,735,2022-01-01
520,104,サンドリヨン 10th Anniversary,さんどりよんてんすあにばーさりー,master,29,,913,2022-01-01
525,105,ワンスアポンアドリーム,わんすあぽんあどりーむ,master,28,,871,2021-02-28
4081,105,ワンスアポンアドリーム,わんすあぽんあどりーむ,append,28,,1054,2021-02-28
529,106,お気に召すまま,おきにめすまま,expert,24,,808,2021-04-05
530,106,お気に召すまま,おきにめすまま,master,29,,988,2021-04-05
4150,106,お気に召すまま,おきにめすまま,append,30,,1003,2021-04-05
534,107,ミルククラウン・オン・ソーネチカ,みるくくらうんおんそーねちか,expert,26,,1025,2021-02-06
535,107,ミルククラウン・オン・ソーネチカ,みるくくらうんおんそーねちか,master,30,,1226,2021-02-06
4145,107,ミルククラウン・オン・ソーネチカ,みるくくらうんおんそーねちか,append,31,,1495,2021-02-06
540,108,愛されなくても君がいる,あいされなくてもきみがいる,master,27,,1075,2020-11-30
544,109,ヒビカセ,ひびかせ,expert,25,,898,2021-01-18
545,109,ヒビカセ,ひびかせ,master,28,,1019,2021-01-18
549,110,千本桜,せんぼんざくら,expert,26,,1000,2021-01-01
550,110,千本桜,せんぼんざくら,master,32,,1257,2021-01-01
4144,110,千本桜,せんぼんざくら,append,31,,1230,2021-01-01
554,111,カトラリー,かとらりー,expert,25,,686,2021-09-21
555,111,カトラリー,かとらりー,master,29,,806,2021-09-21
559,112,天使のクローバー,てんしのくろーばー,expert,27,,985,2021-03-30
560,112,天使のクローバー,てんしのくろーばー,master,31,,1235,2021-03-30
564,113,ローリンガール,ろーりんがーる,expert,26,,1156,2020-11-14
565,113,ローリンガール,ろーりんがーる,master,31,,1396,2020-11-14
569,114,裏表ラバーズ,うらおもてらばーず,expert,26,,1017,2020-11-21
570,114,裏表ラバーズ,うらおもてらばーず,master,30,,1151,2020-11-21
574,115,アンノウン・マザーグース,あんのうんまざーぐーす,expert,26,,1080,2020-11-23
575,115,アンノウン・マザーグース,あんのうんまざーぐーす,master,30,,1292,2020-11-23
579,116,アイディスマイル,あいでぃすまいる,expert,25,,985,2021-04-19
580,116,アイディスマイル,あいでぃすまいる,master,28,,1247,2021-04-19
4014,116,アイディスマイル,あいでぃすまいる,append,26,,1216,2021-04-19
584,117,ODDS＆ENDS,おっずあんどえんず,expert,24,,739,2020-12-24
585,117,ODDS＆ENDS,おっずあんどえんず,master,29,,921,2020-12-24
589,118,＊ハロー、プラネット。,はろーぷらねっと,expert,24,,931,2020-12-31
590,118,＊ハロー、プラネット。,はろーぷらねっと,master,29,,1076,2020-12-31
594,119,ワールズエンド・ダンスホール,わーるずえんどだんすほーる,expert,26,,957,2021-01-14
595,119,ワールズエンド・ダンスホール,わーるずえんどだんすほーる,master,30,,1044,2021-01-14
599,120,いかないで,いかないで,expert,25,,977,2021-05-28
600,120,いかないで,いかないで,master,29,,1173,2021-05-28
4062,120,いかないで,いかないで,append,27,,1212,2021-05-28
604,121,ロミオとシンデレラ,ろみおとしんでれら,expert,24,,856,2021-06-07
605,121,ロミオとシンデレラ,ろみおとしんでれら,master,28,,1035,2021-06-07
609,122,ポジティブ☆ダンスタイム,ぽじてぃぶだんすたいむ,expert,26,,965,2021-02-19
610,122,ポジティブ☆ダンスタイム,ぽじてぃぶだんすたいむ,master,31,,1154,2021-02-19
615,123,どりーみんチュチュ,どりーみんちゅちゅ,master,27,,1074,2021-04-12
619,124,みくみくにしてあげる♪【してやんよ】,みくみくにしてあげるしてやんよ,expert,24,,739,2021-03-09
620,124,みくみくにしてあげる♪【してやんよ】,みくみくにしてあげるしてやんよ,master,28,,939,2021-03-09
4041,124,みくみくにしてあげる♪【してやんよ】,みくみくにしてあげるしてやんよ,append,29,,1039,2021-03-09
624,125,ボッカデラベリタ,ぼっかでらべりた,expert,25,,884,2021-03-06
625,125,ボッカデラベリタ,ぼっかでらべりた,master,29,,1119,2021-03-06
629,126,シネマ,しねま,expert,24,,616,2021-05-08
630,126,シネマ,しねま,master,29,,800,2021-05-08
4006,126,シネマ,しねま,append,29,,992,2021-05-08
634,127,トンデモワンダーズ,とんでもわんだーず,expert,27,,1122,2021-06-19
635,127,トンデモワンダーズ,とんでもわんだーず,master,32,,1224,2021-06-19
4008,127,トンデモワンダーズ,とんでもわんだーず,append,33,,1631,2021-06-19
639,128,Brand New Day,ぶらんどにゅーでい,expert,28,,1260,2021-02-22
640,128,Brand New Day,ぶらんどにゅーでい,master,32,,1316,2021-02-22
4013,128,Brand New Day,ぶらんどにゅーでい,append,35,,1894,2021-02-22
644,129,ビターチョコデコレーション,びたーちょこでこれーしょん,expert,25,,1059,2021-07-28
645,129,ビターチョコデコレーション,びたーちょこでこれーしょん,master,32,,1377,2021-07-28
649,130,フロムトーキョー,ふろむとーきょー,expert,24,,640,2021-07-07
650,130,フロムトーキョー,ふろむとーきょー,master,28,,814,2021-07-07
654,131,初音ミクの激唱,はつねみくのげきしょう,expert,30,,1520,2021-03-30
655,131,初音ミクの激唱,はつねみくのげきしょう,master,34,,1742,2021-03-30
660,132,「１」,いち,master,27,,814,2021-04-21
4093,132,「１」,いち,append,28,,1001,2021-04-21
664,133,悪魔の踊り方,あくまのおどりかた,expert,26,,792,2021-10-08
665,133,悪魔の踊り方,あくまのおどりかた,master,31,,938,2021-10-08
669,134,テレキャスタービーボーイ,てれきゃすたーびーぼーい,expert,25,,726,2021-10-06
670,134,テレキャスタービーボーイ,てれきゃすたーびーぼーい,master,29,,898,2021-10-06
4009,134,テレキャスタービーボーイ,てれきゃすたーびーぼーい,append,31,,1159,2021-10-06
674,135,六兆年と一夜物語,ろくちょうねんといちやものがたり,expert,29,,1099,2021-07-12
675,135,六兆年と一夜物語,ろくちょうねんといちやものがたり,master,35,,1288,2021-07-12
4141,135,六兆年と一夜物語,ろくちょうねんといちやものがたり,append,35,,1723,2021-07-12
679,136,チルドレンレコード,ちるどれんれこーど,expert,27,,1234,2021-08-23
680,136,チルドレンレコード,ちるどれんれこーど,master,32,,1502,2021-08-23
5369,136,チルドレンレコード,ちるどれんれこーど,append,34,,1627,2021-08-23
684,137,花を唄う,はなをうたう,expert,25,,807,2021-04-26
685,137,花を唄う,はなをうたう,master,30,,878,2021-04-26
689,138,KING,きんぐ,expert,25,,1002,2021-05-17
690,138,KING,きんぐ,master,30,,1251,2021-05-17
4050,138,KING,きんぐ,append,28,,1388,2021-05-17
694,139,夜に駆ける,よるにかける,expert,25,,932,2021-05-01
695,139,夜に駆ける,よるにかける,master,30,,1140,2021-05-01
699,140,アイスドロップ,あいすどろっぷ,expert,24,,704,2021-08-18
700,140,アイスドロップ,あいすどろっぷ,master,27,,802,2021-08-18
704,141,群青讃歌,ぐんじょうさんか,expert,24,,711,2021-09-29
705,141,群青讃歌,ぐんじょうさんか,master,27,,833,2021-09-29
4094,141,群青讃歌,ぐんじょうさんか,append,29,,1254,2021-09-29
710,142,再生,さいせい,master,26,,547,2021-09-29
714,143,トラフィック・ジャム,とらふぃっくじゃむ,expert,24,,896,2021-06-30
715,143,トラフィック・ジャム,とらふぃっくじゃむ,master,28,,1089,2021-06-30
720,144,アイノマテリアル,あいのまてりある,master,26,,814,2021-05-21
724,145,ベノム,べのむ,expert,26,,972,2021-10-04
725,145,ベノム,べのむ,master,29,,1138,2021-10-04
729,146,リモコン,りもこん,expert,24,,903,2022-05-16
730,146,リモコン,りもこん,master,29,,1206,2022-05-16
735,147,からくりピエロ,からくりぴえろ,master,27,,1005,2021-11-29
739,148,ray,れい,expert,24,,978,2021-10-12
740,148,ray,れい,master,26,,1092,2021-10-12
745,149,カナデトモスソラ,かなでともすそら,master,26,,703,2021-06-21
4086,149,カナデトモスソラ,かなでともすそら,append,24,,1020,2021-06-21
749,150,トキヲ・ファンカ,ときをふぁんか,expert,25,,780,2021-10-07
750,150,トキヲ・ファンカ,ときをふぁんか,master,28,,859,2021-10-07
4043,150,トキヲ・ファンカ,ときをふぁんか,append,29,,997,2021-10-07
754,151,泡沫未来,うたかたみらい,expert,25,,750,2021-06-14
755,151,泡沫未来,うたかたみらい,master,30,,903,2021-06-14
4061,151,泡沫未来,うたかたみらい,append,30,,1070,2021-06-14
759,152,だれかの心臓になれたなら,だれかのしんぞうになれたら,expert,25,,811,2021-10-09
760,152,だれかの心臓になれたなら,だれかのしんぞうになれたら,master,29,,1044,2021-10-09
764,153,Miku,みく,expert,24,,990,2022-03-09
765,153,Miku,みく,master,29,,1106,2022-03-09
769,154,地球最後の告白を,ちきゅうさいごのこくはくを,expert,25,,884,2021-07-19
770,154,地球最後の告白を,ちきゅうさいごのこくはくを,master,31,,1164,2021-07-19
4029,154,地球最後の告白を,ちきゅうさいごのこくはくを,append,32,,1643,2021-07-19
775,155,心拍数♯0822,しんぱくすうしゃーぷぜろはちにーにー,master,27,,843,2022-01-24
779,156,Beat Eater,びーといーたー,expert,25,,772,2021-07-09
780,156,Beat Eater,びーといーたー,master,29,,798,2021-07-09
4054,156,Beat Eater,びーといーたー,append,28,,852,2021-07-09
784,157,マシュマリー,ましゅまりー,expert,26,,1123,2021-10-10
785,157,マシュマリー,ましゅまりー,master,29,,1303,2021-10-10
789,158,ナンセンス文学,なんせんすぶんがく,expert,25,,856,2022-02-24
790,158,ナンセンス文学,なんせんすぶんがく,master,29,,1180,2022-02-24
794,159,STAGE OF SEKAI,すてーじおぶせかい,expert,25,,1005,2021-11-18
795,159,STAGE OF SEKAI,すてーじおぶせかい,master,30,,1156,2021-11-18
799,160,ショウタイム・ルーラー,しょうたいむるーらー,expert,25,,819,2021-10-29
800,160,ショウタイム・ルーラー,しょうたいむるーらー,master,31,,1063,2021-10-29
4104,160,ショウタイム・ルーラー,しょうたいむるーらー,append,31,,1163,2021-10-29
804,161,magic number,まじっくなんばー,expert,25,,818,2021-09-01
805,161,magic number,まじっくなんばー,master,30,,988,2021-09-01
809,162,エンドマークに希望と涙を添えて,えんどまーくにきぼうとなみだをそえて,expert,31,,1553,2022-01-08
810,162,エンドマークに希望と涙を添えて,えんどまーくにきぼうとなみだをそえて,master,35,,1948,2022-01-08
814,163,the EmpErroR,じえんぺらー,expert,31,,1223,2022-01-09
815,163,the EmpErroR,じえんぺらー,master,36,,1593,2022-01-09
819,164,Don't Fight The Music,どんとふぁいとざみゅーじっく,expert,30,,1545,2022-01-10
820,164,Don't Fight The Music,どんとふぁいとざみゅーじっく,master,35,,1888,2022-01-10
824,165,そうだった！！,そうだった,expert,27,,1175,2021-08-06
825,165,そうだった！！,そうだった,master,31,,1297,2021-08-06
829,166,Glory Steady Go!,ぐろーりーすてでぃごー,expert,25,,738,2021-08-20
830,166,Glory Steady Go!,ぐろーりーすてでぃごー,master,30,,875,2021-08-20
834,167,オルターエゴ,おるたーえご,expert,26,,1175,2021-11-10
835,167,オルターエゴ,おるたーえご,master,31,,1557,2021-11-10
839,168,ダーリンダンス,だーりんだんす,expert,25,,824,2022-04-25
840,168,ダーリンダンス,だーりんだんす,master,30,,912,2022-04-25
844,169,少女レイ,しょうじょれい,expert,24,,1168,2022-01-02
845,169,少女レイ,しょうじょれい,master,27,,1400,2022-01-02
4066,169,少女レイ,しょうじょれい,append,27,,1300,2022-01-02
849,170,ヴィラン,ヴぃらん,expert,25,,984,2021-12-31
850,170,ヴィラン,ヴぃらん,master,29,,1154,2021-12-31
854,171,カゲロウデイズ,かげろうでいず,expert,27,,1295,2021-08-15
855,171,カゲロウデイズ,かげろうでいず,master,31,,1404,2021-08-15
4068,171,カゲロウデイズ,かげろうでいず,append,33,,1915,2021-08-15
859,172,Happy Halloween,はっぴーはろうぃん,expert,25,,827,2021-10-30
860,172,Happy Halloween,はっぴーはろうぃん,master,31,,987,2021-10-30
4015,172,Happy Halloween,はっぴーはろうぃん,append,26,,832,2021-10-30
864,173,流星のパルス,りゅうせいのぱるす,expert,25,,958,2021-09-10
865,173,流星のパルス,りゅうせいのぱるす,master,31,,1123,2021-09-10
869,174,いーあるふぁんくらぶ,いーあるふぁんくらぶ,expert,24,,863,2022-03-14
870,174,いーあるふぁんくらぶ,いーあるふぁんくらぶ,master,28,,1002,2022-03-14
4071,174,いーあるふぁんくらぶ,いーあるふぁんくらぶ,append,26,,1015,2022-03-14
874,175,拝啓ドッペルゲンガー,はいけいどっぺるげんがー,expert,28,,1368,2021-10-05
875,175,拝啓ドッペルゲンガー,はいけいどっぺるげんがー,master,32,,1654,2021-10-05
879,176,マシンガンポエムドール,ましんがんぽえむどーる,expert,31,,1730,2021-10-03
880,176,マシンガンポエムドール,ましんがんぽえむどーる,master,35,,1819,2021-10-03
884,177,右肩の蝶,みぎかたのちょう,expert,25,,1058,2021-10-11
885,177,右肩の蝶,みぎかたのちょう,master,31,,1315,2021-10-11
889,178,にっこり^^調査隊のテーマ,にっこりちょうさたいのてーま,expert,27,,1026,2022-01-19
890,178,にっこり^^調査隊のテーマ,にっこりちょうさたいのてーま,master,31,,1195,2022-01-19
894,179,炉心融解,ろしんゆうかい,expert,24,,998,2021-10-01
895,179,炉心融解,ろしんゆうかい,master,27,,1167,2021-10-01
899,180,ミライ,みらい,expert,24,,1017,2021-12-29
900,180,ミライ,みらい,master,28,,1281,2021-12-29
904,181,愛して愛して愛して,あいしてあいしてあいして,expert,25,,928,2022-02-07
905,181,愛して愛して愛して,あいしてあいしてあいして,master,28,,1173,2022-02-07
909,182,Flyer!,ふらいやー,expert,24,,861,2022-02-16
910,182,Flyer!,ふらいやー,master,29,,1083,2022-02-16
4074,182,Flyer!,ふらいやー,append,30,,1189,2022-02-16
914,183,フィクサー,ふぃくさー,expert,26,,948,2021-12-28
915,183,フィクサー,ふぃくさー,master,32,,1118,2021-12-28
919,184,"Hello,world!",はろーわーるど,expert,25,,900,2021-10-13
920,184,"Hello,world!",はろーわーるど,master,29,,949,2021-10-13
924,185,しっくおぶはうす！,しっくおぶはうす,expert,26,,1107,2021-10-22
925,185,しっくおぶはうす！,しっくおぶはうす,master,30,,1313,2021-10-22
929,186,初音天地開闢神話,はつねてんちかいびゃくしんわ,expert,28,,1581,2021-11-05
930,186,初音天地開闢神話,はつねてんちかいびゃくしんわ,master,33,,2021,2021-11-05
934,187,ロウワー,ろうわー,expert,26,,780,2021-10-31
935,187,ロウワー,ろうわー,master,31,,850,2021-10-31
4056,187,ロウワー,ろうわー,append,30,,1045,2021-10-31
939,188,心予報,こころよほう,expert,24,,909,2022-03-02
940,188,心予報,こころよほう,master,28,,1060,2022-03-02
4031,188,心予報,こころよほう,append,28,,1318,2022-03-02
945,189,ノマド,のまど,master,26,,592,2022-03-28
4135,189,ノマド,のまど,append,25,,531,2022-03-28
949,190,悪ノ娘,あくのむすめ,expert,24,,609,2021-12-13
950,190,悪ノ娘,あくのむすめ,master,27,,784,2021-12-13
954,191,悪ノ召使,あくのめしつかい,expert,24,,609,2021-12-14
955,191,悪ノ召使,あくのめしつかい,master,27,,784,2021-12-14
960,192,去り人達のワルツ,さりびとたちのわるつ,master,28,,798,2021-12-15
964,193,ワールドワイドワンダー,わーるどわいどわんだー,expert,24,,626,2021-12-10
965,193,ワールドワイドワンダー,わーるどわいどわんだー,master,28,,785,2021-12-10
4076,193,ワールドワイドワンダー,わーるどわいどわんだー,append,29,,817,2021-12-10
970,194,妄想感傷代償連盟,もうそうかんしょうだいしょうれんめい,master,27,,966,2022-05-13
4078,194,妄想感傷代償連盟,もうそうかんしょうだいしょうれんめい,append,26,,1092,2022-05-13
974,195,PaⅢ.SENSATION,ぱっしょねーとすりーどっとせんせーしょん,expert,24,,1032,2022-04-18
975,195,PaⅢ.SENSATION,ぱっしょねーとすりーどっとせんせーしょん,master,29,,1244,2022-04-18
980,196,オーダーメイド,おーだーめいど,master,26,,601,2022-04-28
4128,196,オーダーメイド,おーだーめいど,append,24,,634,2022-04-28
984,197,ラストスコア,らすとすこあ,expert,26,,1050,2021-12-20
985,197,ラストスコア,らすとすこあ,master,30,,1190,2021-12-20
989,198,グッバイ宣言,ぐっばいせんげん,expert,26,,1017,2022-06-13
990,198,グッバイ宣言,ぐっばいせんげん,master,30,,1259,2022-06-13
4042,198,グッバイ宣言,ぐっばいせんげん,append,27,,1233,2022-06-13
994,199,ゴーストルール,ごーすとるーる,expert,27,,1174,2021-12-30
995,199,ゴーストルール,ごーすとるーる,master,33,,1473,2021-12-30
999,200,ガランド,がらんど,expert,24,,761,2022-01-03
1000,200,ガランド,がらんど,master,28,,943,2022-01-03
1004,201,神のまにまに,かみのまにまに,expert,25,,900,2022-05-30
1005,201,神のまにまに,かみのまにまに,master,29,,1111,2022-05-30
1009,202,Q,きゅー,expert,24,,907,2023-03-02
1010,202,Q,きゅー,master,28,,998,2023-03-02
1014,203,トリコロージュ,とりころーじゅ,expert,24,,860,2022-01-21
1015,203,トリコロージュ,とりころーじゅ,master,28,,999,2022-01-21
1019,204,うっせぇわ,うっせぇわ,expert,24,,1035,2022-01-31
1020,204,うっせぇわ,うっせぇわ,master,28,,1302,2022-01-31
1024,205,踊,おど,expert,26,,882,2022-02-04
1025,205,踊,おど,master,29,,1083,2022-02-04
1029,206,君色マリンスノウ,きみいろまりんすのう,expert,28,,1339,2022-02-05
1030,206,君色マリンスノウ,きみいろまりんすのう,master,31,,1415,2022-02-05
1034,207,Peaky Peaky,ぴーきーぴーきー,expert,25,,747,2022-02-18
1035,207,Peaky Peaky,ぴーきーぴーきー,master,28,,855,2022-02-18
1039,208,僕らまだアンダーグラウンド,ぼくらまだあんだーぐらうんど,expert,25,,920,2022-03-04
1040,208,僕らまだアンダーグラウンド,ぼくらまだあんだーぐらうんど,master,28,,1035,2022-03-04
1045,209,メタモリボン,めたもりぼん,master,26,,685,2022-03-11
1049,210,雨とペトラ,あめとぺとら,expert,25,,976,2022-03-22
1050,210,雨とペトラ,あめとぺとら,master,29,,1206,2022-03-22
1055,211,イフ,いふ,master,27,,1062,2022-05-08
4099,211,イフ,いふ,append,29,,1270,2022-05-08
1059,212,星空のメロディー,ほしぞらのめろでぃー,expert,24,,713,2022-06-28
1060,212,星空のメロディー,ほしぞらのめろでぃー,master,27,,821,2022-06-28
1064,213,ヴァンパイア,ヴぁんぱいあ,expert,25,,1029,2022-06-20
1065,213,ヴァンパイア,ヴぁんぱいあ,master,30,,1299,2022-06-20
4005,213,ヴァンパイア,ヴぁんぱいあ,append,27,,1433,2022-06-20
1069,214,パレットには君がいっぱい,ぱれっとにはきみがいっぱい,expert,25,,900,2023-03-01
1070,214,パレットには君がいっぱい,ぱれっとにはきみがいっぱい,master,28,,966,2023-03-01
1074,215,ジウダス,じうだす,expert,25,,769,2022-02-21
1075,215,ジウダス,じうだす,master,28,,898,2022-02-21
1079,216,ルカルカ★ナイトフィーバー,るかるかないとふぃーばー,expert,25,,950,2022-04-02
1080,216,ルカルカ★ナイトフィーバー,るかるかないとふぃーばー,master,29,,1311,2022-04-02
1085,217,街,まち,master,27,,769,2022-07-19
1090,218,メリュー,めりゅー,master,26,,983,2022-07-04
1095,219,砂の惑星,すなのわくせい,master,27,,1062,2022-04-01
1099,220,ドーナツホール 2024,どーなつほーる　にーまるにーよん,expert,25,,1046,2022-03-31
1100,220,ドーナツホール 2024,どーなつほーる　にーまるにーよん,master,29,,1328,2022-03-31
4095,220,ドーナツホール 2024,どーなつほーる　にーまるにーよん,append,33,,1792,2022-03-31
1104,221,マトリョシカ,まとりょしか,expert,25,,887,2022-03-30
1105,221,マトリョシカ,まとりょしか,master,30,,1104,2022-03-30
1109,222,ピアノ×フォルテ×スキャンダル,ぴあのふぉるてすきゃんだる,expert,26,,1042,2022-04-03
1110,222,ピアノ×フォルテ×スキャンダル,ぴあのふぉるてすきゃんだる,master,30,,1142,2022-04-03
1115,223,千年の独奏歌,せんねんのどくそうか,master,27,,906,2022-04-04
1119,224,88☆彡,はちじゅうはち,expert,26,,1088,2022-04-11
1120,224,88☆彡,はちじゅうはち,master,29,,1188,2022-04-11
4069,224,88☆彡,はちじゅうはち,append,32,,1388,2022-04-11
1124,225,エゴロック,えごろっく,expert,25,,1041,2022-10-06
1125,225,エゴロック,えごろっく,master,31,,1277,2022-10-06
1129,226,ロストエンファウンド,ろすとえんふぁうんど,expert,25,,1082,2022-08-15
1130,226,ロストエンファウンド,ろすとえんふぁうんど,master,29,,1271,2022-08-15
1134,227,ONESELF,わんせるふ,expert,27,,1063,2022-04-15
1135,227,ONESELF,わんせるふ,master,30,,1163,2022-04-15
4091,227,ONESELF,わんせるふ,append,33,,1406,2022-04-15
1140,228,Goodbye,ぐっどばい,master,26,,860,2023-02-01
1144,229,脳漿炸裂ガール,のうしょうさくれつがーる,expert,28,,1349,2022-06-30
1145,229,脳漿炸裂ガール,のうしょうさくれつがーる,master,32,,1500,2022-06-30
1149,230,サラマンダー,さらまんだー,expert,25,,1186,2022-05-05
1150,230,サラマンダー,さらまんだー,master,30,,1454,2022-05-05
1154,231,アイデンティティ,あいでんてぃてぃ,expert,26,,1196,2022-05-01
1155,231,アイデンティティ,あいでんてぃてぃ,master,31,,1489,2022-05-01
1159,232,青色絵具,あおいろえのぐ,expert,24,,846,2022-05-02
1160,232,青色絵具,あおいろえのぐ,master,27,,1058,2022-05-02
1164,233,コスモスパイス,こすもすぱいす,expert,25,,849,2022-05-03
1165,233,コスモスパイス,こすもすぱいす,master,31,,1092,2022-05-03
1169,234,徳川カップヌードル禁止令,とくがわかっぷぬーどるきんしれい,expert,27,,1065,2022-05-04
1170,234,徳川カップヌードル禁止令,とくがわかっぷぬーどるきんしれい,master,31,,1241,2022-05-04
1174,235,Journey,じゃーにー,expert,25,,1285,2022-09-29
1175,235,Journey,じゃーにー,master,29,,1322,2022-09-29
4127,235,Journey,じゃーにー,append,32,,1765,2022-09-29
1179,236,Voices,ヴぉいしーず,expert,25,,1144,2022-09-07
1180,236,Voices,ヴぉいしーず,master,30,,1237,2022-09-07
1185,237,君の夜をくれ,きみのよるをくれ,master,26,,662,2022-08-29
1189,238,ブラック★ロックシューター,ぶらっくろっくしゅーたー,expert,24,,695,2022-05-10
1190,238,ブラック★ロックシューター,ぶらっくろっくしゅーたー,master,27,,930,2022-05-10
1194,239,月光,げっこう,expert,25,,1058,2022-05-20
1195,239,月光,げっこう,master,29,,1159,2022-05-20
1199,240,踊れオーケストラ,おどれおーけすとら,expert,24,,845,2022-08-08
1200,240,踊れオーケストラ,おどれおーけすとら,master,28,,1068,2022-08-08
1210,242,トリノコシティ,とりのこしてぃ,master,27,,852,2022-10-08
1214,243,Calc.,かるく,expert,25,,1126,2022-09-16
1215,243,Calc.,かるく,master,30,,1295,2022-09-16
1219,244,Awake Now,あうぇいくなう,expert,24,,723,2022-05-31
1220,244,Awake Now,あうぇいくなう,master,30,,884,2022-05-31
4057,244,Awake Now,あうぇいくなう,append,29,,1049,2022-05-31
1225,245,阿吽のビーツ,あうんのびーつ,master,29,,918,2022-06-06
1229,246,エイリアンエイリアン,えいりあんえいりあん,expert,25,,1208,2022-07-11
1230,246,エイリアンエイリアン,えいりあんえいりあん,master,29,,1361,2022-07-11
1235,247,Copycat,こぴーきゃっと,master,26,,997,2023-02-10
1239,248,バグ,ばぐ,expert,26,,1101,2022-06-10
1240,248,バグ,ばぐ,master,32,,1343,2022-06-10
4070,248,バグ,ばぐ,append,31,,1490,2022-06-10
1244,249,ぼくらの16bit戦争,ぼくらのしっくすてぃーんびっとうぉーず,expert,28,,1379,2022-07-01
1245,249,ぼくらの16bit戦争,ぼくらのしっくすてぃーんびっとうぉーず,master,33,,1521,2022-07-01
1249,250,腐れ外道とチョコレゐト,くされげどうとちょこれいと,expert,30,,1396,2022-12-25
1250,250,腐れ外道とチョコレゐト,くされげどうとちょこれいと,master,35,,1763,2022-12-25
1254,251,フロイライン＝ビブリォチカ,ふろいらいんびぶりぉちか,expert,27,,1222,2022-07-30
1255,251,フロイライン＝ビブリォチカ,ふろいらいんびぶりぉちか,master,31,,1456,2022-07-30
1259,252,DREAM PLACE,どりーむぷれいす,expert,25,,937,2022-10-19
1260,252,DREAM PLACE,どりーむぷれいす,master,29,,1172,2022-10-19
1264,253,DAYBREAK FRONTLINE,でいぶれいくふろんとらいん,expert,25,,1102,2022-10-10
1265,253,DAYBREAK FRONTLINE,でいぶれいくふろんとらいん,master,29,,1179,2022-10-10
4030,253,DAYBREAK FRONTLINE,でいぶれいくふろんとらいん,append,29,,1352,2022-10-10
1269,254,未完成讃歌,みかんせいさんか,expert,27,,1324,2022-06-24
1270,254,未完成讃歌,みかんせいさんか,master,31,,1585,2022-06-24
1274,255,夜もすがら君想ふ,よもすがらきみおもう,expert,24,,1004,2022-12-29
1275,255,夜もすがら君想ふ,よもすがらきみおもう,master,28,,1190,2022-12-29
1280,256,ダブルラリアット,だぶるらりあっと,master,27,,1115,2022-10-04
4119,256,ダブルラリアット,だぶるらりあっと,append,28,,1207,2022-10-04
1284,257,てらてら,てらてら,expert,24,,1035,2022-07-21
1285,257,てらてら,てらてら,master,30,,1262,2022-07-21
4115,257,てらてら,てらてら,append,31,,1450,2022-07-21
1290,258,深海少女,しんかいしょうじょ,master,27,,994,2023-04-07
1294,259,the WALL,ざうぉーる,expert,25,,815,2022-11-18
1295,259,the WALL,ざうぉーる,master,30,,1019,2022-11-18
1299,260,ラブカ？,らぶか,expert,25,,710,2022-11-14
1300,260,ラブカ？,らぶか,master,29,,878,2022-11-14
1304,261,星屑ユートピア,ほしくずゆーとぴあ,expert,25,,1183,2022-11-25
1305,261,星屑ユートピア,ほしくずゆーとぴあ,master,30,,1308,2022-11-25
1309,262,帝国少女,ていこくしょうじょ,expert,24,,962,2022-11-01
1310,262,帝国少女,ていこくしょうじょ,master,28,,1178,2022-11-01
1315,263,Highlight,はいらいと,master,28,,690,2023-03-20
1319,264,パラソルサイダー,ぱらそるさいだー,expert,25,,796,2022-08-10
1320,264,パラソルサイダー,ぱらそるさいだー,master,30,,880,2022-08-10
1325,265,Change me,ちぇんじみー,master,28,,1247,2022-11-04
1329,266,YY,わいわい,expert,25,,976,2022-08-22
1330,266,YY,わいわい,master,29,,1175,2022-08-22
4064,266,YY,わいわい,append,29,,1249,2022-08-22
1335,267,仮死化,かしか,master,28,,1186,2022-12-19
4092,267,仮死化,かしか,append,28,,1328,2022-12-19
1339,268,ノンブレス・オブリージュ,のんぶれすおぶりーじゅ,expert,26,,1071,2022-12-05
1340,268,ノンブレス・オブリージュ,のんぶれすおぶりーじゅ,master,31,,1203,2022-12-05
4146,268,ノンブレス・オブリージュ,のんぶれすおぶりーじゅ,append,32,,1287,2022-12-05
1345,269,ロンリーユニバース,ろんりーゆにばーす,master,27,,999,2022-12-09
1350,270,泥中に咲く,でいちゅうにさく,master,26,,761,2022-10-28
1354,271,あったかいと,あったかいと,expert,24,,1026,2022-11-28
1355,271,あったかいと,あったかいと,master,29,,1376,2022-11-28
1359,272,ジェヘナ,じぇへな,expert,25,,1177,2022-09-12
1360,272,ジェヘナ,じぇへな,master,31,,1253,2022-09-12
4011,272,ジェヘナ,じぇへな,append,31,,1633,2022-09-12
1364,273,フューチャー・イヴ,ふゅーちゃーいヴ,expert,27,,1462,2022-09-02
1365,273,フューチャー・イヴ,ふゅーちゃーいヴ,master,32,,1628,2022-09-02
1369,274,それでもいいんだよ,それでもいいんだよ,expert,24,,897,2022-08-26
1370,274,それでもいいんだよ,それでもいいんだよ,master,29,,1009,2022-08-26
1374,275,パラジクロロベンゼン,ぱらじくろろべんぜん,expert,24,,916,2022-11-21
1375,275,パラジクロロベンゼン,ぱらじくろろべんぜん,master,28,,1063,2022-11-21
1379,276,シャンティ,しゃんてぃ,expert,25,,942,2023-05-19
1380,276,シャンティ,しゃんてぃ,master,30,,1187,2023-05-19
1384,277,フォニイ,ふぉにい,expert,24,,1064,2022-10-03
1385,277,フォニイ,ふぉにい,master,29,,1244,2022-10-03
1389,278,Bad ∞ End ∞ Night,ばっどえんどないと,expert,25,,875,2022-10-07
1390,278,Bad ∞ End ∞ Night,ばっどえんどないと,master,29,,1018,2022-10-07
1394,279,こちら、幸福安心委員会です。,こちらこうふくあんしんいいんかいです,expert,24,,898,2022-10-09
1395,279,こちら、幸福安心委員会です。,こちらこうふくあんしんいいんかいです,master,28,,1096,2022-10-09
1400,280,虚ろを扇ぐ,うつろをあおぐ,master,27,,1112,2022-09-20
4083,280,虚ろを扇ぐ,うつろをあおぐ,append,30,,1233,2022-09-20
1404,281,気まぐれメルシィ,きまぐれめるしぃ,expert,25,,1247,2023-01-02
1405,281,気まぐれメルシィ,きまぐれめるしぃ,master,31,,1465,2023-01-02
1410,282,星空オーケストラ,ほしぞらおーけすとら,master,29,,1159,2023-01-19
1414,283,レイニースノードロップ,れいにーすのーどろっぷ,expert,25,,1234,2023-02-11
1415,283,レイニースノードロップ,れいにーすのーどろっぷ,master,30,,1495,2023-02-11
1419,284,インビジブル,いんびじぶる,expert,28,,1385,2022-10-05
1420,284,インビジブル,いんびじぶる,master,32,,1436,2022-10-05
1424,285,ÅMARA(大未来電脳),あまらだいみらいでんのう,expert,28,,1342,2022-10-11
1425,285,ÅMARA(大未来電脳),あまらだいみらいでんのう,master,34,,1589,2022-10-11
1429,286,"Hello, Worker",はろーわーかー,expert,25,,773,2023-02-20
1430,286,"Hello, Worker",はろーわーかー,master,28,,918,2023-02-20
1434,287,私は、私達は,わたしはわたしたちは,expert,24,,712,2023-02-17
1435,287,私は、私達は,わたしはわたしたちは,master,27,,918,2023-02-17
1439,288,アンハッピーリフレイン,あんはっぴーりふれいん,expert,26,,1137,2022-10-02
1440,288,アンハッピーリフレイン,あんはっぴーりふれいん,master,31,,1353,2022-10-02
1444,289,天ノ弱,あまのじゃく,expert,25,,982,2022-10-01
1445,289,天ノ弱,あまのじゃく,master,29,,1131,2022-10-01
1454,291,フェレス,ふぇれす,expert,26,,1374,2023-01-05
1455,291,フェレス,ふぇれす,master,30,,1397,2023-01-05
4007,291,フェレス,ふぇれす,append,31,,1744,2023-01-05
1460,292,いちにのさんで,いちにのさんで,master,26,,715,2022-10-31
4100,292,いちにのさんで,いちにのさんで,append,24,,791,2022-10-31
1465,293,アイロニ,あいろに,master,28,,943,2023-02-13
1470,294,それがあなたの幸せとしても,それがあなたのしあわせとしても,master,26,,814,2023-01-03
1475,295,フロート・プランナー,ふろーとぷらんなー,master,27,,832,2022-11-30
1479,296,カンタレラ,かんたれら,expert,24,,870,2022-12-31
1480,296,カンタレラ,かんたれら,master,29,,1063,2022-12-31
1484,297,p.h.,ぺーはー,expert,24,,739,2023-01-23
1485,297,p.h.,ぺーはー,master,29,,872,2023-01-23
1489,298,ネトゲ廃人シュプレヒコール,ねとげはいじんしゅぷれひこーる,expert,25,,1156,2022-12-30
1490,298,ネトゲ廃人シュプレヒコール,ねとげはいじんしゅぷれひこーる,master,31,,1463,2022-12-30
1494,299,エゴイスト,えごいすと,expert,26,,1303,2023-03-13
1495,299,エゴイスト,えごいすと,master,31,,1548,2023-03-13
1499,300,ザムザ,ざむざ,expert,25,,779,2023-03-28
1500,300,ザムザ,ざむざ,master,30,,937,2023-03-28
4133,300,ザムザ,ざむざ,append,30,,1105,2023-03-28
1504,301,私の恋はヘルファイア,わたしのこいはへるふぁいあ,expert,27,,1491,2023-04-03
1505,301,私の恋はヘルファイア,わたしのこいはへるふぁいあ,master,31,,1638,2023-04-03
1509,302,フレー,ふれー,expert,26,,1067,2022-11-26
1510,302,フレー,ふれー,master,30,,1328,2022-11-26
1514,303,リンちゃんなう！,りんちゃんなう,expert,25,,1098,2023-01-04
1515,303,リンちゃんなう！,りんちゃんなう,master,30,,1409,2023-01-04
1519,304,Iなんです,あいなんです,expert,26,,910,2022-11-20
1520,304,Iなんです,あいなんです,master,31,,1066,2022-11-20
4010,304,Iなんです,あいなんです,append,33,,1572,2022-11-20
1525,305,ストロボラスト,すとろぼらすと,master,28,,866,2023-02-28
1529,306,1925,いちきゅーにーごー,expert,24,,887,2023-02-15
1530,306,1925,いちきゅーにーごー,master,28,,1117,2023-02-15
1534,307,おこちゃま戦争,おこちゃませんそう,expert,27,,1259,2023-04-17
1535,307,おこちゃま戦争,おこちゃませんそう,master,31,,1394,2023-04-17
1539,308,ももいろの鍵,ももいろのかぎ,expert,26,,1073,2023-04-28
1540,308,ももいろの鍵,ももいろのかぎ,master,31,,1187,2023-04-28
1545,309,Afterglow,あふたーぐろう,master,27,,844,2023-07-07
1549,310,Flyway,ふらいうぇい,expert,24,,1011,2023-01-21
1550,310,Flyway,ふらいうぇい,master,29,,1088,2023-01-21
4046,310,Flyway,ふらいうぇい,append,30,,1396,2023-01-21
1555,311,夜明けと蛍,よあけとほたる,master,26,,852,2023-01-10
4126,311,夜明けと蛍,よあけとほたる,append,25,,717,2023-01-10
1559,312,ココロ,こころ,expert,24,,945,2023-02-27
1560,312,ココロ,こころ,master,28,,1090,2023-02-27
1564,313,FREELY TOMORROW,ふりーりーとぅもろー,expert,24,,905,2023-01-01
1565,313,FREELY TOMORROW,ふりーりーとぅもろー,master,29,,1121,2023-01-01
1570,314,陽だまりのセツナ,ひだまりのせつな,master,28,,1105,2022-12-12
1574,315,What's up? Pop!,わっつあっぷぽっぷ,expert,31,,1804,2022-12-23
1575,315,What's up? Pop!,わっつあっぷぽっぷ,master,37,,2362,2022-12-23
1579,316,ひつじがいっぴき,ひつじがいっぴき,expert,25,,1120,2023-02-19
1580,316,ひつじがいっぴき,ひつじがいっぴき,master,28,,1305,2023-02-19
1584,317,魔法みたいなミュージック！,まほうみたいなみゅーじっく,expert,25,,1080,2023-04-10
1585,317,魔法みたいなミュージック！,まほうみたいなみゅーじっく,master,31,,1271,2023-04-10
1590,318,Sharing The World,しぇありんぐざわーるど,master,27,,1122,2023-05-12
1594,319,Decade,でぃけいど,expert,24,,839,2023-07-28
1595,319,Decade,でぃけいど,master,30,,1057,2023-07-28
1599,320,Booo!,ぶー,expert,25,,823,2023-03-07
1600,320,Booo!,ぶー,master,29,,860,2023-03-07
1604,321,アトラクトライト,あとらくとらいと,expert,25,,1295,2023-03-24
1605,321,アトラクトライト,あとらくとらいと,master,30,,1455,2023-03-24
1609,322,絶え間なく藍色,たえまなくあいいろ,expert,24,,1002,2023-04-21
1610,322,絶え間なく藍色,たえまなくあいいろ,master,28,,1089,2023-04-21
1614,323,快晴,かいせい,expert,25,,1286,2023-05-01
1615,323,快晴,かいせい,master,29,,1533,2023-05-01
1620,324,箱庭のコラル,はこにわのこらる,master,27,,981,2023-05-29
4122,324,箱庭のコラル,はこにわのこらる,append,29,,1220,2023-05-29
1624,325,豚になってyeah yeah,ぶたになっていえいいえい,expert,24,,705,2023-10-05
1625,325,豚になってyeah yeah,ぶたになっていえいいえい,master,28,,778,2023-10-05
1629,326,天使の翼。,てんしのつばさ,expert,24,,1072,2023-02-07
1630,326,天使の翼。,てんしのつばさ,master,28,,1340,2023-02-07
1634,327,SnowMix♪,すのうみっくす,expert,27,,1321,2023-02-04
1635,327,SnowMix♪,すのうみっくす,master,30,,1441,2023-02-04
1639,328,星界ちゃんと可不ちゃんのおつかい合騒曲,せかいちゃんとかふちゃんのおつかいがっそうきょく,expert,29,,1491,2023-02-06
1640,328,星界ちゃんと可不ちゃんのおつかい合騒曲,せかいちゃんとかふちゃんのおつかいがっそうきょく,master,32,,1626,2023-02-06
1644,329,ヤミナベ!!!!,やみなべ,expert,31,,1539,2023-03-04
1645,329,ヤミナベ!!!!,やみなべ,master,37,,2015,2023-03-04
1650,330,インタビュア,いんたびゅあ,master,26,,1097,2023-04-02
1654,331,39,さんきゅー,expert,24,,1139,2023-03-09
1655,331,39,さんきゅー,master,29,,1339,2023-03-09
1660,332,エピローグに君はいない,えぴろーぐにきみはいない,master,26,,625,2023-03-16
1664,333,Mr. Showtime,みすたーしょうたいむ,expert,26,,1341,2023-03-11
1665,333,Mr. Showtime,みすたーしょうたいむ,master,31,,1497,2023-03-11
1669,334,Vampire's ∞ pathoS,ヴぁんぱいあずぱとす,expert,27,,992,2023-03-31
1670,334,Vampire's ∞ pathoS,ヴぁんぱいあずぱとす,master,31,,1100,2023-03-31
1674,335,トラッシュ・アンド・トラッシュ！,とらっしゅあんどとらっしゅ,expert,27,,1022,2023-03-30
1675,335,トラッシュ・アンド・トラッシュ！,とらっしゅあんどとらっしゅ,master,31,,1181,2023-03-30
1679,336,Be The MUSIC!,びーざみゅーじっく,expert,26,,1121,2023-03-31
1680,336,Be The MUSIC!,びーざみゅーじっく,master,29,,1247,2023-03-31
1684,337,METEOR,みーてぃあ,expert,25,,1160,2023-04-01
1685,337,METEOR,みーてぃあ,master,30,,1323,2023-04-01
1690,338,Where shall we go?,うぇあしゃるうぃーごー,master,26,,735,2023-02-24
1695,339,glow,ぐろう,master,26,,987,2023-06-23
4072,339,glow,ぐろう,append,25,,855,2023-06-23
1699,340,とても素敵な六月でした,とてもすてきなろくがつでした,expert,24,,1273,2023-06-26
1700,340,とても素敵な六月でした,とてもすてきなろくがつでした,master,29,,1491,2023-06-26
1704,341,難聴系男子が倒せない,なんちょうけいだんしがたおせない,expert,25,,1028,2023-12-18
1705,341,難聴系男子が倒せない,なんちょうけいだんしがたおせない,master,30,,1234,2023-12-18
1709,342,Blue Star,ぶるーすたー,expert,25,,1046,2023-05-26
1710,342,Blue Star,ぶるーすたー,master,29,,1163,2023-05-26
1714,343,スノーマン,すのーまん,expert,24,,1001,2023-04-04
1715,343,スノーマン,すのーまん,master,29,,1243,2023-04-04
1719,344,脳内革命ガール,のうないかくめいがーる,expert,27,,1189,2023-07-24
1720,344,脳内革命ガール,のうないかくめいがーる,master,31,,1269,2023-07-24
1724,345,演劇,えんげき,expert,24,,983,2023-07-19
1725,345,演劇,えんげき,master,28,,984,2023-07-19
1729,346,嗚呼、素晴らしきニャン生,ああすばらしきにゃんせい,expert,24,,1125,2023-06-12
1730,346,嗚呼、素晴らしきニャン生,ああすばらしきにゃんせい,master,29,,1374,2023-06-12
1734,347,円尾坂の仕立屋,えんびざかのしたてや,expert,24,,842,2023-05-05
1735,347,円尾坂の仕立屋,えんびざかのしたてや,master,28,,1007,2023-05-05
1739,348,悪徳のジャッジメント,あくとくのじゃっじめんと,expert,24,,777,2023-05-06
1740,348,悪徳のジャッジメント,あくとくのじゃっじめんと,master,28,,983,2023-05-06
1744,349,悪食娘コンチータ,あくじきむすめこんちーた,expert,26,,791,2023-05-03
1745,349,悪食娘コンチータ,あくじきむすめこんちーた,master,29,,851,2023-05-03
1749,350,眠らせ姫からの贈り物,ねむらせひめからのおくりもの,expert,24,,904,2023-05-04
1750,350,眠らせ姫からの贈り物,ねむらせひめからのおくりもの,master,27,,1003,2023-05-04
1755,351,相生,あいおい,master,26,,1232,2023-04-11
1759,352,命ばっかり,いのちばっかり,expert,25,,1037,2023-04-24
1760,352,命ばっかり,いのちばっかり,master,28,,1092,2023-04-24
1764,353,キティ,きてぃ,expert,28,,982,2023-04-30
1765,353,キティ,きてぃ,master,31,,982,2023-04-30
1769,354,セツナトリップ,せつなとりっぷ,expert,27,,1275,2023-05-15
1770,354,セツナトリップ,せつなとりっぷ,master,32,,1370,2023-05-15
1774,355,白い雪のプリンセスは,しろいゆきのプリンセスは,expert,24,,1273,2023-09-11
1775,355,白い雪のプリンセスは,しろいゆきのプリンセスは,master,29,,1478,2023-09-11
1779,356,リアライズ,りあらいず,expert,25,,744,2023-08-19
1780,356,リアライズ,りあらいず,master,29,,851,2023-08-19
1784,357,ブループラネット,ぶるーぷらねっと,expert,26,,1287,2023-08-30
1785,357,ブループラネット,ぶるーぷらねっと,master,30,,1357,2023-08-30
1790,358,心做し,こころなし,master,26,,832,2023-08-28
1794,359,名も無き革命,なもなきかくめい,expert,24,,995,2023-04-14
1795,359,名も無き革命,なもなきかくめい,master,29,,1099,2023-04-14
1800,360,太陽系デスコ,たいようけいですこ,master,28,,1188,2023-07-12
1804,361,きゅうくらりん,きゅうくらりん,expert,27,,1141,2023-07-03
1805,361,きゅうくらりん,きゅうくらりん,master,31,,1148,2023-07-03
1809,362,Wonder Style,わんだーすたいる,expert,24,,888,2023-06-07
1810,362,Wonder Style,わんだーすたいる,master,28,,1013,2023-06-07
1814,363,UNDERWATER,あんだーうぉーたー,expert,24,,971,2023-06-28
1815,363,UNDERWATER,あんだーうぉーたー,master,29,,1062,2023-06-28
1819,364,エターナルアリア,えたーなるありあ,expert,27,,1272,2023-05-22
1820,364,エターナルアリア,えたーなるありあ,master,30,,1364,2023-05-22
1825,365,恋は戦争,こいはせんそう,master,27,,1262,2023-10-06
1829,366,NEO,ねお,expert,25,,939,2023-09-29
1830,366,NEO,ねお,master,29,,988,2023-09-29
4012,366,NEO,ねお,append,32,,1365,2023-09-29
1834,367,すきなことだけでいいです,すきなことだけでいいです,expert,26,,1081,2023-10-08
1835,367,すきなことだけでいいです,すきなことだけでいいです,master,31,,1223,2023-10-08
1839,368,アイムマイン,あいむまいん,expert,25,,1058,2023-10-01
1840,368,アイムマイン,あいむまいん,master,29,,1189,2023-10-01
4124,368,アイムマイン,あいむまいん,append,26,,1245,2023-10-01
1844,369,メランコリック,めらんこりっく,expert,24,,917,2023-10-04
1845,369,メランコリック,めらんこりっく,master,27,,1100,2023-10-04
1849,370,人生,じんせい,expert,31,,1441,2023-06-02
1850,370,人生,じんせい,master,37,,2242,2023-06-02
1859,372,天樂,てんがく,expert,25,,1396,2023-10-02
1860,372,天樂,てんがく,master,29,,1554,2023-10-02
1864,373,下剋上,げこくじょう,expert,25,,1228,2023-06-10
1865,373,下剋上,げこくじょう,master,30,,1245,2023-06-10
1869,374,チームメイト,ちーむめいと,expert,24,,803,2023-06-20
1870,374,チームメイト,ちーむめいと,master,30,,1090,2023-06-20
1874,375,星を繋ぐ,ほしをつなぐ,expert,24,,753,2023-07-21
1875,375,星を繋ぐ,ほしをつなぐ,master,28,,821,2023-07-21
4059,375,星を繋ぐ,ほしをつなぐ,append,27,,1035,2023-07-21
1879,376,我儘姫,わがままひめ,expert,26,,1040,2023-10-25
1880,376,我儘姫,わがままひめ,master,30,,1188,2023-10-25
1884,377,悪役にキスシーンを,あくやくにきすしーんを,expert,25,,998,2023-10-23
1885,377,悪役にキスシーンを,あくやくにきすしーんを,master,29,,1188,2023-10-23
1889,378,スロウダウナー,すろうだうなー,expert,26,,1054,2023-12-25
1890,378,スロウダウナー,すろうだうなー,master,30,,1418,2023-12-25
1894,379,ずんだパーリナイ,ずんだぱーりない,expert,27,,1407,2023-08-04
1895,379,ずんだパーリナイ,ずんだぱーりない,master,31,,1522,2023-08-04
1899,380,スターダストメドレー,すたーだすとめどれー,expert,26,,1215,2023-06-16
1900,380,スターダストメドレー,すたーだすとめどれー,master,30,,1366,2023-06-16
1904,381,新人類,しんじんるい,expert,27,,1285,2023-08-03
1905,381,新人類,しんじんるい,master,31,,1298,2023-08-03
1910,382,心拍ペアリング,しんぱくぺありんぐ,master,28,,696,2023-07-14
1914,383,purpose,ぱーぱす,expert,24,,720,2023-10-29
1915,383,purpose,ぱーぱす,master,28,,812,2023-10-29
1920,384,トワイライトライト,とわいらいとらいと,master,26,,619,2023-11-01
4113,384,トワイライトライト,とわいらいとらいと,append,27,,754,2023-11-01
1924,385,神っぽいな,かみっぽいな,expert,25,,1035,2023-10-10
1925,385,神っぽいな,かみっぽいな,master,29,,1162,2023-10-10
1930,386,キラピピ★キラピカ,きらぴぴきらぴか,master,27,,909,2023-08-21
1934,387,Hello Builder,はろーびるだー,expert,24,,847,2025-07-02
1935,387,Hello Builder,はろーびるだー,master,29,,997,2025-07-02
1950,390,Dear,でぃあー,master,28,,1233,2023-10-11
1954,391,キュートなカノジョ,きゅーとなかのじょ,expert,26,,1006,2023-11-22
1955,391,キュートなカノジョ,きゅーとなかのじょ,master,30,,1208,2023-11-22
1959,392,春嵐,しゅんらん,expert,27,,1095,2023-11-06
1960,392,春嵐,しゅんらん,master,30,,1184,2023-11-06
1964,393,Un-Lock,あんろっく,expert,24,,894,2023-09-19
1965,393,Un-Lock,あんろっく,master,28,,1096,2023-09-19
1969,394,ボトルケーキ,ぼとるけーき,expert,24,,640,2023-08-25
1970,394,ボトルケーキ,ぼとるけーき,master,28,,759,2023-08-25
1974,395,サマータイムレコード,さまーたいむれこーど,expert,24,,1107,2023-08-15
1975,395,サマータイムレコード,さまーたいむれこーど,master,28,,1404,2023-08-15
1979,396,東京テディベア,とうきょうてでぃべあ,expert,28,,1172,2024-05-13
1980,396,東京テディベア,とうきょうてでぃべあ,master,31,,1449,2024-05-13
4045,396,東京テディベア,とうきょうてでぃべあ,append,34,,2024,2024-05-13
1984,397,フィラメントフィーバー,ふぃらめんとふぃーばー,expert,25,,864,2023-11-28
1985,397,フィラメントフィーバー,ふぃらめんとふぃーばー,master,29,,952,2023-11-28
1989,398,Beyond the way,びよんどざうぇい,expert,25,,737,2023-12-08
1990,398,Beyond the way,びよんどざうぇい,master,28,,900,2023-12-08
4105,398,Beyond the way,びよんどざうぇい,append,29,,1017,2023-12-08
1994,399,Disco No.39,でぃすこなんばーさーてぃーないん,expert,26,,950,2023-08-10
1995,399,Disco No.39,でぃすこなんばーさーてぃーないん,master,30,,1115,2023-08-10
1999,400,我らステインバスターズ！,われらすていんばすたーず！,expert,24,,797,2023-08-01
2000,400,我らステインバスターズ！,われらすていんばすたーず！,master,28,,810,2023-08-01
2004,401,まにまに,まにまに,expert,25,,893,2023-10-03
2005,401,まにまに,まにまに,master,29,,1014,2023-10-03
2010,402,エンヴィーベイビー,えんヴぃーべいびー,master,28,,1251,2024-01-03
2014,403,番凩,つがいこがらし,expert,24,,716,2023-10-09
2015,403,番凩,つがいこがらし,master,27,,892,2023-10-09
2020,404,blender,ぶれんだー,master,27,,781,2024-03-28
2025,405,MOTTO!!!,もっと,master,27,,1067,2024-01-15
4120,405,MOTTO!!!,もっと,append,29,,1225,2024-01-15
2029,406,ARQETYPE,あーきたいぷ,expert,27,,827,2023-11-10
2030,406,ARQETYPE,あーきたいぷ,master,31,,951,2023-11-10
2034,407,初めての恋が終わる時,はじめてのこいがおわるとき,expert,25,,822,2023-12-28
2035,407,初めての恋が終わる時,はじめてのこいがおわるとき,master,29,,995,2023-12-28
2039,408,CIRCUS PANIC!!!,さーかすぱにっく,expert,27,,1083,2023-09-04
2040,408,CIRCUS PANIC!!!,さーかすぱにっく,master,32,,1239,2023-09-04
2045,409,25時の情熱,にじゅうごじのじょうねつ,master,25,,725,2023-12-29
2049,410,マーシャル・マキシマイザー,まーしゃるまきしまいざー,expert,26,,694,2024-01-29
2050,410,マーシャル・マキシマイザー,まーしゃるまきしまいざー,master,29,,895,2024-01-29
2054,411,世界を照らすテトラッド,せかいをてらすてとらっど,expert,27,,850,2024-02-09
2055,411,世界を照らすテトラッド,せかいをてらすてとらっど,master,31,,1072,2024-02-09
4110,411,世界を照らすテトラッド,せかいをてらすてとらっど,append,30,,1210,2024-02-09
2059,412,デビルじゃないもん,でびるじゃないもん,expert,26,,854,2023-10-07
2060,412,デビルじゃないもん,でびるじゃないもん,master,29,,879,2023-10-07
2064,413,さよならプリンセス,さよならぷりんせす,expert,26,,812,2023-12-04
2065,413,さよならプリンセス,さよならぷりんせす,master,30,,1131,2023-12-04
2069,414,HERO,ひーろー,expert,26,,1194,2023-09-01
2070,414,HERO,ひーろー,master,31,,1278,2023-09-01
2074,415,ラッキー☆オーブ,らっきーおーぶ,expert,24,,802,2023-09-25
2075,415,ラッキー☆オーブ,らっきーおーぶ,master,28,,919,2023-09-25
2079,416,limbo,りんぼ,expert,26,,900,2024-02-16
2080,416,limbo,りんぼ,master,31,,958,2024-02-16
2084,417,くうになる,くうになる,expert,24,,769,2024-01-05
2085,417,くうになる,くうになる,master,29,,945,2024-01-05
2089,418,金木犀,きんもくせい,expert,26,,814,2023-12-30
2090,418,金木犀,きんもくせい,master,29,,899,2023-12-30
2099,420,imaginary love story,いまじなりーらぶすとーりー,expert,25,,1019,2025-07-03
2100,420,imaginary love story,いまじなりーらぶすとーりー,master,31,,1214,2025-07-03
2104,421,CR詠ZY,くれいじー,expert,24,,615,2023-10-12
2105,421,CR詠ZY,くれいじー,master,28,,728,2023-10-12
2109,422,JUMPIN’ OVER !,じゃんぴんおーばー,expert,24,,858,2024-02-27
2110,422,JUMPIN’ OVER !,じゃんぴんおーばー,master,28,,863,2024-02-27
2114,423,レグルス,れぐるす,expert,26,,949,2024-02-18
2115,423,レグルス,れぐるす,master,29,,1014,2024-02-18
4033,423,レグルス,れぐるす,append,30,,1268,2024-02-18
2119,424,インテグラル,いんてぐらる,expert,24,,868,2024-03-01
2120,424,インテグラル,いんてぐらる,master,28,,868,2024-03-01
4111,424,インテグラル,いんてぐらる,append,29,,1357,2024-03-01
2124,425,Cool Me Down,くーるみーだうん,expert,25,,1159,2023-10-16
2125,425,Cool Me Down,くーるみーだうん,master,29,,1250,2023-10-16
2130,426,On&On,おんあんどおん,master,27,,859,2023-11-13
2134,427,幽光、1/fのゆらめき,ゆうこうえふぶんのいちのゆらめき,expert,25,,718,2024-03-18
2135,427,幽光、1/fのゆらめき,ゆうこうえふぶんのいちのゆらめき,master,29,,877,2024-03-18
2139,428,ときめきジェットコースター,ときめきじぇっとこーすたー,expert,27,,1016,2024-05-10
2140,428,ときめきジェットコースター,ときめきじぇっとこーすたー,master,31,,1234,2024-05-10
2144,429,はぐ,はぐ,expert,24,,851,2023-10-31
2145,429,はぐ,はぐ,master,29,,983,2023-10-31
4116,429,はぐ,はぐ,append,29,,1109,2023-10-31
2149,430,『んっあっあっ。』,んっあっあっ,expert,24,,742,2024-01-04
2150,430,『んっあっあっ。』,んっあっあっ,master,28,,1071,2024-01-04
2155,431,flos,ふろーす,master,27,,893,2024-03-11
2159,432,強風オールバック,きょうふうおーるばっく,expert,24,,714,2024-01-01
2160,432,強風オールバック,きょうふうおーるばっく,master,28,,955,2024-01-01
2164,433,ヒアソビ,ひあそび,expert,27,,1053,2024-01-02
2165,433,ヒアソビ,ひあそび,master,31,,1116,2024-01-02
2170,434,1000年生きてる,せんねんいきてる,master,28,,757,2024-03-25
2174,435,リレイアウター,りれいあうたー,expert,26,,960,2024-02-03
2175,435,リレイアウター,りれいあうたー,master,30,,1203,2024-02-03
2179,436,古書屋敷殺人事件,こしょやしきさつじんじけん,expert,24,,823,2024-02-22
2180,436,古書屋敷殺人事件,こしょやしきさつじんじけん,master,28,,974,2024-02-22
2184,437,え？あぁ、そう。,えあぁそう,expert,25,,838,2024-02-01
2185,437,え？あぁ、そう。,えあぁそう,master,30,,1028,2024-02-01
2189,438,ハイドアンド・シーク,はいどあんどしーく,expert,24,,764,2024-01-09
2190,438,ハイドアンド・シーク,はいどあんどしーく,master,28,,898,2024-01-09
2194,439,一千光年,いっせんこうねん,expert,25,,941,2023-12-31
2195,439,一千光年,いっせんこうねん,master,30,,1141,2023-12-31
4024,439,一千光年,いっせんこうねん,append,31,,1496,2023-12-31
2199,440,ショウタイム×オーディエンス,しょうたいむおーでぃえんす,expert,25,,1091,2023-12-11
2200,440,ショウタイム×オーディエンス,しょうたいむおーでぃえんす,master,30,,1220,2023-12-11
2204,441,酔いどれ知らず,よいどれしらず,expert,24,,865,2024-04-15
2205,441,酔いどれ知らず,よいどれしらず,master,28,,1048,2024-04-15
4044,441,酔いどれ知らず,よいどれしらず,append,29,,1120,2024-04-15
2210,442,すれすれ,すれすれ,master,26,,595,2024-04-28
2214,443,林檎売りの泡沫少女,りんごうりのうたかたしょうじょ,expert,24,,1009,2024-07-17
2215,443,林檎売りの泡沫少女,りんごうりのうたかたしょうじょ,master,28,,1048,2024-07-17
2219,444,心泥夢(syndrome),しんどろーむ,expert,27,,1221,2024-01-22
2220,444,心泥夢(syndrome),しんどろーむ,master,31,,1383,2024-01-22
2224,445,Twilight Melody,とわいらいとめろでぃ,expert,25,,943,2025-06-30
2225,445,Twilight Melody,とわいらいとめろでぃ,master,28,,1128,2025-06-30
2229,446,オーバーコード,おーばーこーど,expert,26,,1113,2023-12-22
2230,446,オーバーコード,おーばーこーど,master,30,,1253,2023-12-22
2234,447,folern,ふぉれん,expert,30,,1392,2024-01-11
2235,447,folern,ふぉれん,master,32,,1486,2024-01-11
4026,447,folern,ふぉれん,append,35,,1794,2024-01-11
2239,448,Sage,さげ,expert,29,,1259,2024-01-18
2240,448,Sage,さげ,master,32,,1352,2024-01-18
4027,448,Sage,さげ,append,36,,1812,2024-01-18
2244,449,MarbleBlue.,まーぶるぶるー,expert,30,,1437,2024-01-25
2245,449,MarbleBlue.,まーぶるぶるー,master,33,,1460,2024-01-25
4028,449,MarbleBlue.,まーぶるぶるー,append,37,,2500,2024-01-25
2249,450,オペラ！スペースオペラ！,おぺらすぺーすおぺら,expert,26,,986,2024-05-29
2250,450,オペラ！スペースオペラ！,おぺらすぺーすおぺら,master,30,,1198,2024-05-29
4055,450,オペラ！スペースオペラ！,おぺらすぺーすおぺら,append,31,,1403,2024-05-29
2254,451,熱異常,ねついじょう,expert,27,,978,2024-05-17
2255,451,熱異常,ねついじょう,master,32,,1197,2024-05-17
2259,452,サイバーパンクデッドボーイ,さいばーぱんくでっどぼーい,expert,27,,917,2024-01-23
2260,452,サイバーパンクデッドボーイ,さいばーぱんくでっどぼーい,master,30,,1014,2024-01-23
2269,454,えれくとりっく・えんじぇぅ,えれくとりっく・えんじぇぅ,expert,24,,927,2024-03-30
2270,454,えれくとりっく・えんじぇぅ,えれくとりっく・えんじぇぅ,master,29,,1176,2024-03-30
2274,455,ド屑,どくず,expert,25,,844,2024-03-04
2275,455,ド屑,どくず,master,28,,817,2024-03-04
2279,456,幾望の月,きぼうのつき,expert,26,,892,2024-03-27
2280,456,幾望の月,きぼうのつき,master,29,,998,2024-03-27
4153,456,幾望の月,きぼうのつき,append,32,,1273,2024-03-27
2284,457,Supernova,すーぱーのゔぁ,expert,24,,750,2024-06-18
2285,457,Supernova,すーぱーのゔぁ,master,28,,890,2024-06-18
4058,457,Supernova,すーぱーのゔぁ,append,27,,1016,2024-06-18
2289,458,抜錨,ばつびょう,expert,24,,831,2024-06-03
2290,458,抜錨,ばつびょう,master,28,,954,2024-06-03
2299,460,LEADER,りーだー,expert,24,,763,2024-06-28
2300,460,LEADER,りーだー,master,28,,940,2024-06-28
2304,461,おどロボ,おどろぼ,expert,24,,1266,2024-02-04
2305,461,おどロボ,おどろぼ,master,29,,1339,2024-02-04
2309,462,レッドランドマーカー,れっどらんどまーかー,expert,26,,1018,2024-03-31
2310,462,レッドランドマーカー,れっどらんどまーかー,master,29,,1105,2024-03-31
2315,463,ハッピーチートデー,はっぴーちーとでー,master,26,,817,2024-02-10
2320,464,Intergalactic Bound,いんたーぎゃらくてぃっく ばうんど,master,26,,996,2025-07-04
2323,465,嬢王,じょうおう,hard,24,,994,2024-03-22
2324,465,嬢王,じょうおう,expert,31,,1266,2024-03-22
2325,465,嬢王,じょうおう,master,33,,1456,2024-03-22
4040,465,嬢王,じょうおう,append,36,,1972,2024-03-22
2329,466,ガーネットの涙,がーねっとのなみだ,expert,25,,774,2024-04-03
2330,466,ガーネットの涙,がーねっとのなみだ,master,28,,904,2024-04-03
2334,467,あいのうた,あいのうた,expert,25,,950,2024-04-02
2335,467,あいのうた,あいのうた,master,29,,1064,2024-04-02
2339,468,十六歳の心臓,じゅうろくさいのしんぞう,expert,27,,1162,2024-02-13
2340,468,十六歳の心臓,じゅうろくさいのしんぞう,master,31,,1470,2024-02-13
2345,469,ラグトレイン,らぐとれいん,master,27,,920,2024-02-29
4032,469,ラグトレイン,らぐとれいん,append,25,,1038,2024-02-29
2350,470,ハジメテノオト,はじめてのおと,master,26,,639,2024-03-09
2354,471,ULTRA C,うるとらしー,expert,25,,651,2024-07-07
2355,471,ULTRA C,うるとらしー,master,28,,769,2024-07-07
2359,472,成敗いたAAAAAす！,せいばいいたあああああす,expert,25,,1022,2024-07-15
2360,472,成敗いたAAAAAす！,せいばいいたあああああす,master,31,,1199,2024-07-15
2364,473,マインドブランド,まいんどぶらんど,expert,24,,764,2024-07-29
2365,473,マインドブランド,まいんどぶらんど,master,28,,1023,2024-07-29
2369,474,キラー,きらー,expert,27,,825,2024-08-07
2370,474,キラー,きらー,master,31,,1013,2024-08-07
4067,474,キラー,きらー,append,33,,1267,2024-08-07
2374,475,ちがう!!!,ちがう,expert,26,,930,2024-09-02
2375,475,ちがう!!!,ちがう,master,31,,1074,2024-09-02
2380,476,Shadow Shadow,しゃどうしゃどう,master,27,,783,2024-10-09
2384,477,モザイクロール (Reloaded),もざいくろーるりろーでっど,expert,24,,871,2024-10-01
2385,477,モザイクロール (Reloaded),もざいくろーるりろーでっど,master,29,,876,2024-10-01
2389,478,フューエル,ふゅーえる,expert,25,,698,2024-10-29
2390,478,フューエル,ふゅーえる,master,29,,930,2024-10-29
2399,480,おちゃめ機能,おちゃめきのう,expert,24,,933,2024-05-07
2400,480,おちゃめ機能,おちゃめきのう,master,30,,1171,2024-05-07
2405,481,明鏡止水,めいきょうしすい,master,28,,938,2024-03-08
2409,482,だめにんげんだ!,だめにんげんだ!,expert,26,,917,2024-05-24
2410,482,だめにんげんだ!,だめにんげんだ!,master,30,,976,2024-05-24
2414,483,アコトバ,あことば,expert,24,,664,2024-03-15
2415,483,アコトバ,あことば,master,29,,857,2024-03-15
2419,484,Henceforth,へんすふぉーす,expert,25,,916,2025-01-10
2420,484,Henceforth,へんすふぉーす,master,29,,1057,2025-01-10
2424,485,だんだん早くなる,だんだんはやくなる,expert,24,,851,2024-04-04
2425,485,だんだん早くなる,だんだんはやくなる,master,28,,918,2024-04-04
2429,486,おぎゃりないざー,おぎゃりないざー,expert,31,,1387,2024-04-19
2430,486,おぎゃりないざー,おぎゃりないざー,master,34,,1637,2024-04-19
4048,486,おぎゃりないざー,おぎゃりないざー,append,37,,2050,2024-04-19
2434,487,ダイジョブですか？,だいじょぶですか？,expert,31,,1495,2024-07-09
2435,487,ダイジョブですか？,だいじょぶですか？,master,34,,1674,2024-07-09
4063,487,ダイジョブですか？,だいじょぶですか？,append,37,,2555,2024-07-09
2439,488,メモリア,めもりあ,expert,31,,1637,2024-10-21
2440,488,メモリア,めもりあ,master,34,,1771,2024-10-21
4075,488,メモリア,めもりあ,append,37,,2117,2024-10-21
2445,489,熱風,ねっぷう,master,29,,925,2024-09-29
4073,489,熱風,ねっぷう,append,31,,1207,2024-09-29
2449,490,ルーマー,るーまー,expert,24,,863,2025-02-21
2450,490,ルーマー,るーまー,master,28,,1015,2025-02-21
2454,491,キャットラビング,きゃっとらびんぐ,expert,25,,934,2024-11-13
2455,491,キャットラビング,きゃっとらびんぐ,master,30,,1053,2024-11-13
2459,492,私は雨,わたしはあめ,expert,24,,823,2024-04-10
2460,492,私は雨,わたしはあめ,master,28,,918,2024-04-10
2464,493,きょうもハレバレ,きょうもはればれ,expert,24,,793,2024-06-10
2465,493,きょうもハレバレ,きょうもはればれ,master,28,,1033,2024-06-10
2469,494,ポッピンキャンディ☆フィーバー！,ぽっぴんきゃんでぃ☆ふぃーばー！,expert,26,,1140,2024-07-01
2470,494,ポッピンキャンディ☆フィーバー！,ぽっぴんきゃんでぃ☆ふぃーばー！,master,31,,1323,2024-07-01
2474,495,スーパーヒーロー,すーぱーひーろー,expert,25,,904,2024-09-09
2475,495,スーパーヒーロー,すーぱーひーろー,master,29,,909,2024-09-09
2479,496,シルバーコレクター,しるばーこれくたー,expert,26,,1113,2024-04-22
2480,496,シルバーコレクター,しるばーこれくたー,master,32,,1178,2024-04-22
2485,497,烈火,れっか,master,27,,948,2024-04-30
2489,498,はしる! とおく! とどく!,はしるとおくとどく,expert,25,,742,2024-12-19
2490,498,はしる! とおく! とどく!,はしるとおくとどく,master,29,,957,2024-12-19
2494,499,混沌ブギ,こんとんぶぎ,expert,25,,962,2024-12-29
2495,499,混沌ブギ,こんとんぶぎ,master,30,,1189,2024-12-29
4084,499,混沌ブギ,こんとんぶぎ,append,33,,1615,2024-12-29
2500,500,余花にみとれて,よかにみとれて,master,25,,613,2024-12-09
2504,501,Bad Apple!! feat.SEKAI,ばっどあっぷるふぃーちゃりんぐせかい,expert,24,,883,2024-05-04
2505,501,Bad Apple!! feat.SEKAI,ばっどあっぷるふぃーちゃりんぐせかい,master,29,,1181,2024-05-04
4051,501,Bad Apple!! feat.SEKAI,ばっどあっぷるふぃーちゃりんぐせかい,append,31,,1328,2024-05-04
2509,502,"Help me, ERINNNNNN!!",へるぷみーえーりん,expert,26,,1168,2024-05-05
2510,502,"Help me, ERINNNNNN!!",へるぷみーえーりん,master,30,,1318,2024-05-05
4052,502,"Help me, ERINNNNNN!!",へるぷみーえーりん,append,32,,1564,2024-05-05
2514,503,超最終鬼畜妹フランドール・Ｓ,ちょうさいしゅうきちくいもうとふらんどーるえす,expert,28,,1175,2024-05-03
2515,503,超最終鬼畜妹フランドール・Ｓ,ちょうさいしゅうきちくいもうとふらんどーるえす,master,32,,1270,2024-05-03
4053,503,超最終鬼畜妹フランドール・Ｓ,ちょうさいしゅうきちくいもうとふらんどーるえす,append,35,,1914,2024-05-03
2519,504,I know 愛脳.,あいのーあいのう,expert,26,,1016,2024-05-20
2520,504,I know 愛脳.,あいのーあいのう,master,31,,1119,2024-05-20
2524,505,コールボーイ,こーるぼーい,expert,25,,809,2024-10-05
2525,505,コールボーイ,こーるぼーい,master,29,,836,2024-10-05
2529,506,QUEEN,くいーん,expert,25,,1164,2024-08-26
2530,506,QUEEN,くいーん,master,29,,1385,2024-08-26
2534,507,エンパープル,えんぱーぷる,expert,24,,813,2024-06-20
2535,507,エンパープル,えんぱーぷる,master,29,,877,2024-06-20
4060,507,エンパープル,えんぱーぷる,append,30,,1126,2024-06-20
2539,508,ヘイヴン,へいヴん,expert,26,,875,2025-01-19
2540,508,ヘイヴン,へいヴん,master,30,,977,2025-01-19
2544,509,ライアーダンサー,らいあーだんさー,expert,26,,892,2025-03-10
2545,509,ライアーダンサー,らいあーだんさー,master,31,,1224,2025-03-10
2549,510,失敗作少女,しっぱいさくしょうじょ,expert,25,,805,2025-05-12
2550,510,失敗作少女,しっぱいさくしょうじょ,master,29,,986,2025-05-12
2554,511,如月アテンション,きさらぎあてんしょん,expert,25,,855,2024-10-03
2555,511,如月アテンション,きさらぎあてんしょん,master,29,,1155,2024-10-03
2559,512,合成するミライ,ごうせいするみらい,expert,25,,969,2024-06-24
2560,512,合成するミライ,ごうせいするみらい,master,30,,1094,2024-06-24
2564,513,CH4NGE,ちぇんじ,expert,24,,789,2025-01-01
2565,513,CH4NGE,ちぇんじ,master,28,,1101,2025-01-01
2574,515,イガク,いがく,expert,25,,892,2024-08-03
2575,515,イガク,いがく,master,31,,1226,2024-08-03
2580,516,あちこちデートさん,あちこちでーとさん,master,30,,829,2024-08-04
2584,517,メリーゴーラウンド,めりーごーらうんど,expert,26,,874,2024-07-22
2585,517,メリーゴーラウンド,めりーごーらうんど,master,29,,1024,2024-07-22
2589,518,みかぼし,みかぼし,expert,24,,984,2024-12-02
2590,518,みかぼし,みかぼし,master,30,,1114,2024-12-02
2595,519,夏夜ノ唄,なつよのうた,master,28,,787,2024-08-23
2599,520,透明エレジー,とうめいえれじー,expert,25,,848,2025-03-17
2600,520,透明エレジー,とうめいえれじー,master,30,,1058,2025-03-17
2604,521,オーバーライド,おーばーらいど,expert,26,,1004,2025-03-07
2605,521,オーバーライド,おーばーらいど,master,31,,1265,2025-03-07
2609,522,WAVE,うぇーぶ,expert,24,,794,2024-08-13
2610,522,WAVE,うぇーぶ,master,28,,837,2024-08-13
4147,522,WAVE,うぇーぶ,append,30,,1029,2024-08-13
2614,523,きみとぼくのレゾナンス,きみとぼくのれぞなんす,expert,24,,896,2024-10-06
2615,523,きみとぼくのレゾナンス,きみとぼくのれぞなんす,master,28,,1115,2024-10-06
2619,524,それでも僕らは歌うことをやめない,それでもぼくらはうたうことをやめない,expert,26,,705,2024-09-20
2620,524,それでも僕らは歌うことをやめない,それでもぼくらはうたうことをやめない,master,30,,814,2024-09-20
2624,525,アンテナ39,あんてなさんきゅー,expert,25,,1039,2024-08-30
2625,525,アンテナ39,あんてなさんきゅー,master,30,,1139,2024-08-30
2630,526,彗星ノ銀河,すいせいのくに,master,26,,699,2024-08-19
2635,527,Unpoison,あんぽいずん,master,28,,897,2024-09-24
2644,529,カルチャ,かるちゃ,expert,25,,797,2024-09-13
2645,529,カルチャ,かるちゃ,master,28,,1037,2024-09-13
2649,530,キャットフード,きゃっとふーど,expert,24,,895,2024-10-15
2650,530,キャットフード,きゃっとふーど,master,28,,1107,2024-10-15
2654,531,メズマライザー,めずまらいざー,expert,26,,1218,2024-10-02
2655,531,メズマライザー,めずまらいざー,master,31,,1451,2024-10-02
2660,532,レイヤーノート,れいやーのーと,master,27,,679,2024-09-17
2664,533,転生林檎,てんせいりんご,expert,25,,851,2024-10-07
2665,533,転生林檎,てんせいりんご,master,29,,879,2024-10-07
2669,534,ワールド・ランプシェード [reunion],わーるど らんぷしぇーど りゆにおん,expert,25,,895,2025-01-03
2670,534,ワールド・ランプシェード [reunion],わーるど らんぷしぇーど りゆにおん,master,30,,1155,2025-01-03
2679,536,Fire◎Flower (Rerec),ふぁいあふらわー,expert,25,,734,2025-03-02
2680,536,Fire◎Flower (Rerec),ふぁいあふらわー,master,29,,863,2025-03-02
2684,537,花に風,はなにかぜ,expert,24,,755,2025-04-08
2685,537,花に風,はなにかぜ,master,28,,960,2025-04-08
2689,538,オールセーブチャレンジ,おーるせーぶちゃれんじ,expert,26,,795,2025-04-28
2690,538,オールセーブチャレンジ,おーるせーぶちゃれんじ,master,30,,918,2025-04-28
2695,539,イレヴンス,いれヴんす,master,27,,699,2025-05-29
2699,540,虚無さん,にひるさん,expert,24,,650,2025-05-06
2700,540,虚無さん,にひるさん,master,29,,899,2025-05-06
2704,541,メインキャラクター,めいんきゃらくたー,expert,25,,951,2024-10-04
2705,541,メインキャラクター,めいんきゃらくたー,master,29,,1043,2024-10-04
2709,542,Blackjack,ぶらっくじゃっく,expert,25,,921,2024-10-08
2710,542,Blackjack,ぶらっくじゃっく,master,31,,1021,2024-10-08
2714,543,生命性シンドロウム,せいめいせいしんどろうむ,expert,29,,1299,2024-10-10
2715,543,生命性シンドロウム,せいめいせいしんどろうむ,master,33,,1493,2024-10-10
4077,543,生命性シンドロウム,せいめいせいしんどろうむ,append,36,,2357,2024-10-10
2719,544,妄想アスパルテーム,もうそうあすぱるてーむ,expert,25,,828,2024-11-05
2720,544,妄想アスパルテーム,もうそうあすぱるてーむ,master,30,,1134,2024-11-05
2725,545,脳天,のうてん,master,27,,975,2024-10-28
2729,546,その音が鳴るなら,そのおとがなるなら,expert,25,,952,2024-10-31
2730,546,その音が鳴るなら,そのおとがなるなら,master,29,,958,2024-10-31
2734,547,終焉逃避行,しゅうえんとうひこう,expert,25,,721,2025-02-01
2735,547,終焉逃避行,しゅうえんとうひこう,master,29,,816,2025-02-01
2739,548,ぼくのかみさま,ぼくのかみさま,expert,24,,792,2024-11-20
2740,548,ぼくのかみさま,ぼくのかみさま,master,28,,876,2024-11-20
4080,548,ぼくのかみさま,ぼくのかみさま,append,27,,989,2024-11-20
2744,549,化けの花,ばけのはな,expert,27,,875,2024-10-12
2745,549,化けの花,ばけのはな,master,31,,1003,2024-10-12
2749,550,shake it!,しぇいくいっと,expert,24,,789,2026-09-01
2750,550,shake it!,しぇいくいっと,master,28,,985,2026-09-01
2754,551,ロストアンブレラ,ろすとあんぶれら,expert,24,,804,2025-10-09
2755,551,ロストアンブレラ,ろすとあんぶれら,master,30,,926,2025-10-09
2759,552,M@GICAL☆CURE! LOVE ♥ SHOT!,まじかるきゅあらぶしょっと,expert,28,,980,2025-07-01
2760,552,M@GICAL☆CURE! LOVE ♥ SHOT!,まじかるきゅあらぶしょっと,master,30,,1215,2025-07-01
2764,553,パリィ,ぱりぃ,expert,27,,963,2024-11-25
2765,553,パリィ,ぱりぃ,master,31,,1024,2024-11-25
2769,554,snooze,すぬーず,expert,26,,961,2025-01-02
2770,554,snooze,すぬーず,master,32,,1142,2025-01-02
4085,554,snooze,すぬーず,append,33,,1429,2025-01-02
2774,555,フュージョン,ふゅーじょん,expert,27,,1056,2025-02-15
2775,555,フュージョン,ふゅーじょん,master,30,,1184,2025-02-15
4097,555,フュージョン,ふゅーじょん,append,34,,1555,2025-02-15
2780,556,サイハテ,さいはて,master,28,,999,2025-01-05
2784,557,花溺れ,はなおぼれ,expert,26,,780,2024-12-23
2785,557,花溺れ,はなおぼれ,master,29,,895,2024-12-23
2789,558,のだ,のだ,expert,25,,918,2025-01-04
2790,558,のだ,のだ,master,30,,927,2025-01-04
4082,558,のだ,のだ,append,33,,1346,2025-01-04
2794,559,おどりゃんせ,おどりゃんせ,expert,27,,1100,2025-10-01
2795,559,おどりゃんせ,おどりゃんせ,master,32,,1303,2025-10-01
2799,560,アイリッド,あいりっど,expert,25,,813,2025-07-13
2800,560,アイリッド,あいりっど,master,29,,960,2025-07-13
2804,561,プロトディスコ,ぷろとでぃすこ,expert,26,,913,2024-12-31
2805,561,プロトディスコ,ぷろとでぃすこ,master,32,,1057,2024-12-31
4089,561,プロトディスコ,ぷろとでぃすこ,append,34,,1404,2024-12-31
2809,562,アンヘル,あんへる,expert,27,,917,2024-12-30
2810,562,アンヘル,あんへる,master,31,,1187,2024-12-30
4087,562,アンヘル,あんへる,append,33,,1503,2024-12-30
2820,564,そこに在る、光。,そこにあるひかり,master,27,,408,2025-01-28
2824,565,夏に透明,なつにとうめい,expert,24,,691,2025-01-21
2825,565,夏に透明,なつにとうめい,master,28,,788,2025-01-21
2829,566,パンダヒーロー,ぱんだひーろー,expert,24,,820,2025-01-22
2830,566,パンダヒーロー,ぱんだひーろー,master,30,,1003,2025-01-22
2834,567,結ンデ開イテ羅刹ト骸,むすんでひらいてらせつとむくろ,expert,24,,826,2025-01-23
2835,567,結ンデ開イテ羅刹ト骸,むすんでひらいてらせつとむくろ,master,29,,903,2025-01-23
2844,569,シークレット・シーカー,しーくれっと・しーかー,expert,26,,894,2024-12-16
2845,569,シークレット・シーカー,しーくれっと・しーかー,master,30,,1019,2024-12-16
2849,570,スター,すたー,expert,25,,799,2025-10-19
2850,570,スター,すたー,master,29,,889,2025-10-19
2854,571,偽物人間40号,にせものにんげんよんじゅうごう,expert,25,,775,2025-09-24
2855,571,偽物人間40号,にせものにんげんよんじゅうごう,master,29,,823,2025-09-24
2860,572,飾って,かざって,master,27,,520,2025-08-28
2864,573,はじまりの未来,はじまりのみらい,expert,24,,972,2024-12-28
2865,573,はじまりの未来,はじまりのみらい,master,28,,1111,2024-12-28
2869,574,SToRY,すとーりー,expert,25,,705,2025-02-06
2870,574,SToRY,すとーりー,master,29,,784,2025-02-06
2874,575,FUN!!,ふぁん,expert,25,,622,2025-01-31
2875,575,FUN!!,ふぁん,master,29,,744,2025-01-31
2879,576,ファイアダンス,ふぁいあだんす,expert,25,,606,2025-01-25
2880,576,ファイアダンス,ふぁいあだんす,master,29,,680,2025-01-25
2884,577,スマイル*シンフォニー,すまいるしんふぉにー,expert,24,,594,2025-02-03
2885,577,スマイル*シンフォニー,すまいるしんふぉにー,master,28,,667,2025-02-03
2889,578,ハローセカイ,はろーせかい,expert,24,,621,2025-02-08
2890,578,ハローセカイ,はろーせかい,master,28,,759,2025-02-08
2894,579,Worlders,わーるだーず,expert,24,,924,2025-01-29
2895,579,Worlders,わーるだーず,master,28,,1060,2025-01-29
2899,580,三日月ステップ,みかづきすてっぷ,expert,25,,891,2025-03-03
2900,580,三日月ステップ,みかづきすてっぷ,master,28,,969,2025-03-03
2904,581,厨病激発ボーイ,ちゅうびょうげきはつぼーい,expert,27,,1118,2025-01-14
2905,581,厨病激発ボーイ,ちゅうびょうげきはつぼーい,master,32,,1355,2025-01-14
2909,582,アンチユー,あんちゆー,expert,24,,610,2025-02-10
2910,582,アンチユー,あんちゆー,master,28,,820,2025-02-10
2914,583,アクセラレイト,あくせられいと,expert,26,,810,2025-08-06
2915,583,アクセラレイト,あくせられいと,master,31,,917,2025-08-06
4121,583,アクセラレイト,あくせられいと,append,32,,1126,2025-08-06
2919,584,IMAWANOKIWA,いまわのきわ,expert,28,,1256,2025-11-22
2920,584,IMAWANOKIWA,いまわのきわ,master,32,,1423,2025-11-22
4131,584,IMAWANOKIWA,いまわのきわ,append,35,,1949,2025-11-22
2924,585,ペンタトニック,ぺんたとにっく,expert,25,,733,2025-09-29
2925,585,ペンタトニック,ぺんたとにっく,master,30,,1103,2025-09-29
4130,585,ペンタトニック,ぺんたとにっく,append,31,,1288,2025-09-29
2929,586,ヤンキーボーイ・ヤンキーガール,やんきーぼーいやんきーがーる,expert,25,,903,2025-12-31
2930,586,ヤンキーボーイ・ヤンキーガール,やんきーぼーいやんきーがーる,master,31,,1087,2025-12-31
2934,587,ルルブ,るるぶ,expert,27,,1143,2025-02-12
2935,587,ルルブ,るるぶ,master,31,,1296,2025-02-12
2939,588,プラネットヒーロー,ぷらねっとひーろー,expert,28,,1128,2025-03-14
2940,588,プラネットヒーロー,ぷらねっとひーろー,master,33,,1467,2025-03-14
2944,589,バレリーコ,ばれりーこ,expert,25,,965,2025-04-05
2945,589,バレリーコ,ばれりーこ,master,29,,1115,2025-04-05
2949,590,マンハッタン,まんはったん,expert,27,,901,2025-04-03
2950,590,マンハッタン,まんはったん,master,32,,1247,2025-04-03
2954,591,吉原ラメント 再来盤,よしわららめんと さいらいばん,expert,25,,1135,2025-04-02
2955,591,吉原ラメント 再来盤,よしわららめんと さいらいばん,master,29,,1108,2025-04-02
2959,592,クイーンオブハート,くいーんおぶはーと,expert,25,,1189,2025-04-04
2960,592,クイーンオブハート,くいーんおぶはーと,master,31,,1212,2025-04-04
2965,593,クリスタルスノウ,くりすたるすのう,master,26,,773,2025-02-08
2969,594,Call!!,こーる,expert,25,,549,2025-03-31
2970,594,Call!!,こーる,master,28,,765,2025-03-31
2974,595,エンヴィキャットウォーク,えんヴぃきゃっとうぉーく,expert,26,,932,2025-05-26
2975,595,エンヴィキャットウォーク,えんヴぃきゃっとうぉーく,master,30,,1222,2025-05-26
2979,596,D/N/A,でぃー・えぬ・えー,expert,26,,913,2025-03-20
2980,596,D/N/A,でぃー・えぬ・えー,master,31,,1276,2025-03-20
2985,597,その絵の名前は,そのえのなまえは,master,26,,555,2025-11-08
3000,600,征け,ゆけ,master,28,,825,2025-11-17
3004,601,ルマ,るま,expert,26,,899,2025-11-04
3005,601,ルマ,るま,master,30,,1143,2025-11-04
3015,603,ドレミファロンド,どれみふぁろんど,master,27,,961,2025-03-24
3020,604,Packaged,ぱっけーじど,master,26,,839,2025-03-09
3024,605,Sympathy,しんぱしー,expert,24,,723,2025-03-30
3025,605,Sympathy,しんぱしー,master,28,,860,2025-03-30
4101,605,Sympathy,しんぱしー,append,29,,1043,2025-03-30
3029,606,スーサイドパレヱド,すーさいどぱれえど,expert,26,,918,2025-04-14
3030,606,スーサイドパレヱド,すーさいどぱれえど,master,31,,1063,2025-04-14
4102,606,スーサイドパレヱド,すーさいどぱれえど,append,32,,1493,2025-04-14
3035,607,回る空うさぎ,まわるそらうさぎ,master,26,,607,2025-04-22
3039,608,星宙メランコリア,ほしぞらめらんこりあ,expert,26,,1004,2025-04-18
3040,608,星宙メランコリア,ほしぞらめらんこりあ,master,30,,1166,2025-04-18
3049,610,Polar Star,ぽーらーすたー,expert,24,,697,2025-12-29
3050,610,Polar Star,ぽーらーすたー,master,31,,1106,2025-12-29
3054,611,好き！雪！本気マジック,すきゆきまじまじっく,expert,25,,828,2026-01-31
3055,611,好き！雪！本気マジック,すきゆきまじまじっく,master,29,,1060,2026-01-31
3059,612,Snow Fairy Story,すのうふぇありーすとーりー,expert,24,,912,2026-02-01
3060,612,Snow Fairy Story,すのうふぇありーすとーりー,master,28,,902,2026-02-01
3065,613,雪がとける前に,ゆきがとけるまえに,master,28,,773,2026-02-02
3069,614,スターナイトスノウ,すたーないとすのう,expert,25,,859,2026-02-03
3070,614,スターナイトスノウ,すたーないとすのう,master,29,,914,2026-02-03
3074,615,四角い地球を丸くする,しかくいちきゅうをまるくする,expert,24,,950,2026-02-04
3075,615,四角い地球を丸くする,しかくいちきゅうをまるくする,master,28,,1097,2026-02-04
3079,616,アイ,あい,expert,25,,821,2026-02-05
3080,616,アイ,あい,master,29,,959,2026-02-05
3085,617,ぽかぽかの星,ぽかぽかのほし,master,27,,903,2026-02-06
3090,618,Fondant Step,ふぉんだんすてっぷ,master,26,,904,2026-02-07
3095,619,Connecting,こねくてぃんぐ,master,27,,792,2025-05-23
3099,620,紗痲,しゃま,expert,26,,1088,2025-05-09
3100,620,紗痲,しゃま,master,30,,1192,2025-05-09
3104,621,東京サマーセッション,とうきょうさまーせっしょん,expert,24,,892,2025-10-03
3105,621,東京サマーセッション,とうきょうさまーせっしょん,master,30,,1073,2025-10-03
3109,622,超ナイト・オブ・ナイツ,ちょうないと・おぶ・ないつ,expert,27,,1201,2025-05-05
3110,622,超ナイト・オブ・ナイツ,ちょうないと・おぶ・ないつ,master,33,,1403,2025-05-05
4107,622,超ナイト・オブ・ナイツ,ちょうないと・おぶ・ないつ,append,36,,1782,2025-05-05
3114,623,とうほう☆ワンダーランド,とうほうわんだーらんど,expert,26,,806,2025-05-04
3115,623,とうほう☆ワンダーランド,とうほうわんだーらんど,master,31,,1086,2025-05-04
4108,623,とうほう☆ワンダーランド,とうほうわんだーらんど,append,32,,1488,2025-05-04
3119,624,チルノのパーフェクトさんすう学園,ちるののぱーふぇくとさんすうがくえん,expert,26,,999,2025-05-03
3120,624,チルノのパーフェクトさんすう学園,ちるののぱーふぇくとさんすうがくえん,master,31,,1199,2025-05-03
4109,624,チルノのパーフェクトさんすう学園,ちるののぱーふぇくとさんすうがくえん,append,33,,1599,2025-05-03
3124,625,このふざけた素晴らしき世界は、僕の為にある,このふざけたすばらしきせかいはぼくのためにある,expert,25,,946,2025-06-09
3125,625,このふざけた素晴らしき世界は、僕の為にある,このふざけたすばらしきせかいはぼくのためにある,master,29,,1093,2025-06-09
3129,626,フィッシュアンドTips,ふぃっしゅあんどちっぷす,expert,26,,833,2025-05-19
3130,626,フィッシュアンドTips,ふぃっしゅあんどちっぷす,master,30,,1052,2025-05-19
3134,627,テトリス,てとりす,expert,25,,653,2025-06-02
3135,627,テトリス,てとりす,master,29,,814,2025-06-02
4114,627,テトリス,てとりす,append,29,,938,2025-06-02
3139,628,モニタリング,もにたりんぐ,expert,26,,901,2025-06-16
3140,628,モニタリング,もにたりんぐ,master,29,,973,2025-06-16
3144,629,8.32,はってんさんにー,expert,24,,659,2025-09-01
3145,629,8.32,はってんさんにー,master,28,,832,2025-09-01
3150,630,幸福刑,こうふくけい,master,28,,907,2026-01-19
3154,631,天才ロック,てんさいろっく,expert,27,,1148,2026-07-01
3155,631,天才ロック,てんさいろっく,master,30,,1327,2026-07-01
3159,632,Surges,さーじず,expert,26,,950,2025-08-12
3160,632,Surges,さーじず,master,29,,1043,2025-08-12
3164,633,庭師のおはなしによると,にわしのおはなしによると,expert,26,,1121,2025-06-23
3165,633,庭師のおはなしによると,にわしのおはなしによると,master,31,,1185,2025-06-23
3169,634,光線歌,こうせんか,expert,24,,700,2025-05-31
3170,634,光線歌,こうせんか,master,28,,889,2025-05-31
3174,635,ありのままのストーリーを,ありのままのすとーりーを,expert,24,,892,2025-07-23
3175,635,ありのままのストーリーを,ありのままのすとーりーを,master,28,,938,2025-07-23
4117,635,ありのままのストーリーを,ありのままのすとーりーを,append,28,,1178,2025-07-23
3179,636,エクスプロウル,えくすぷろうる,expert,26,,1024,2025-07-18
3180,636,エクスプロウル,えくすぷろうる,master,30,,1102,2025-07-18
3184,637,笑えたらえーやん！,わらえたらえーやん,expert,25,,878,2025-07-07
3185,637,笑えたらえーやん！,わらえたらえーやん,master,30,,1090,2025-07-07
3189,638,花弁、それにまつわる音声,かべんそれにまつわるおんせい,expert,24,,883,2025-08-02
3190,638,花弁、それにまつわる音声,かべんそれにまつわるおんせい,master,29,,952,2025-08-02
3194,639,マリオネットダンサー,まりおねっとだんさー,expert,25,,860,2025-08-03
3195,639,マリオネットダンサー,まりおねっとだんさー,master,29,,1030,2025-08-03
3204,641,君が飛び降りるのならば,きみがとびおりるのならば,expert,27,,970,2026-01-05
3205,641,君が飛び降りるのならば,きみがとびおりるのならば,master,30,,1224,2026-01-05
3209,642,このまんまでいこう,このまんまでいこう,expert,25,,738,2026-02-17
3210,642,このまんまでいこう,このまんまでいこう,master,28,,941,2026-02-17
3214,643,About me,あばうとみー,expert,25,,863,2026-03-01
3215,643,About me,あばうとみー,master,29,,1011,2026-03-01
3220,644,生きる,いきる,master,27,,704,2025-07-28
4118,644,生きる,いきる,append,32,,1131,2025-07-28
3224,645,深海シティアンダーグラウンド,しんかいしてぃあんだーぐらうんど,expert,25,,872,2025-09-16
3225,645,深海シティアンダーグラウンド,しんかいしてぃあんだーぐらうんど,master,29,,1162,2025-09-16
3229,646,透明なパレット,とうめいなぱれっと,expert,25,,852,2025-07-15
3230,646,透明なパレット,とうめいなぱれっと,master,29,,1027,2025-07-15
3234,647,SAN値直葬,さんちちょくそう,expert,28,,1365,2025-08-22
3235,647,SAN値直葬,さんちちょくそう,master,33,,1821,2025-08-22
4123,647,SAN値直葬,さんちちょくそう,append,36,,2060,2025-08-22
3239,648,Life Will Change,らいふうぃるちぇんじ,expert,26,,973,2025-08-04
3240,648,Life Will Change,らいふうぃるちぇんじ,master,31,,1118,2025-08-04
3244,649,サヨナラ天国また来て地獄,さよならてんごくまたきてじごく,expert,26,,723,2025-08-30
3245,649,サヨナラ天国また来て地獄,さよならてんごくまたきてじごく,master,30,,864,2025-08-30
3249,650,あの夏が飽和する。,あのなつがほうわする,expert,24,,626,2025-09-08
3250,650,あの夏が飽和する。,あのなつがほうわする,master,28,,789,2025-09-08
3254,651,ホワイトハッピー,ほわいとはっぴー,expert,26,,939,2025-10-10
3255,651,ホワイトハッピー,ほわいとはっぴー,master,30,,1044,2025-10-10
3259,652,カレシのジュード,かれしのじゅーど,expert,26,,1184,2025-10-14
3260,652,カレシのジュード,かれしのじゅーど,master,30,,1271,2025-10-14
3264,653,パメラ,ぱめら,expert,25,,877,2025-10-15
3265,653,パメラ,ぱめら,master,30,,1039,2025-10-15
3270,654,ラストラス,らすとらす,master,28,,1331,2025-08-29
3274,655,リリィララ,りりぃらら,expert,24,,810,2025-08-18
3275,655,リリィララ,りりぃらら,master,29,,903,2025-08-18
3279,656,ブラッドドール,ぶらっどどーる,expert,25,,795,2025-09-22
3280,656,ブラッドドール,ぶらっどどーる,master,30,,1058,2025-09-22
3289,658,上弦の月,じょうげんのつき,expert,24,,599,2026-01-02
3290,658,上弦の月,じょうげんのつき,master,28,,791,2026-01-02
3295,659,あなたの空が泣くのなら,あなたのそらがなくのなら,master,25,,682,2025-10-21
3299,660,とびだせ！わんだぴょい,とびだせわんだぴょい,expert,24,,788,2026-02-19
3300,660,とびだせ！わんだぴょい,とびだせわんだぴょい,master,29,,1064,2026-02-19
3304,661,卑怯戦隊うろたんだー,ひきょーせんたいうろたんだー,expert,24,,1025,2026-05-11
3305,661,卑怯戦隊うろたんだー,ひきょーせんたいうろたんだー,master,31,,1148,2026-05-11
3310,662,告白,こくはく,master,27,,588,2026-03-28
4149,662,告白,こくはく,append,27,,729,2026-03-28
3314,663,ヴィーナス,ヴぃーなす,expert,26,,1124,2025-10-04
3315,663,ヴィーナス,ヴぃーなす,master,30,,1266,2025-10-04
3319,664,人マニア,ひとまにあ,expert,26,,1000,2025-10-07
3320,664,人マニア,ひとまにあ,master,30,,1049,2025-10-07
3324,665,ロケットサイダー,ろけっとさいだー,expert,26,,1110,2025-11-07
3325,665,ロケットサイダー,ろけっとさいだー,master,31,,1350,2025-11-07
3329,666,少女A,しょうじょえー,expert,24,,1265,2025-10-02
3330,666,少女A,しょうじょえー,master,30,,1312,2025-10-02
3334,667,㋰責任集合体,むせきにんしゅうごうたい,expert,24,,762,2025-10-08
3335,667,㋰責任集合体,むせきにんしゅうごうたい,master,29,,937,2025-10-08
3338,668,ネクラチューンサーカス,ねくらちゅーんさーかす,hard,24,,1032,2025-10-11
3339,668,ネクラチューンサーカス,ねくらちゅーんさーかす,expert,31,,1380,2025-10-11
3340,668,ネクラチューンサーカス,ねくらちゅーんさーかす,master,34,,1913,2025-10-11
4129,668,ネクラチューンサーカス,ねくらちゅーんさーかす,append,37,,2173,2025-10-11
3344,669,げんてん,げんてん,expert,26,,1021,2025-10-06
3345,669,げんてん,げんてん,master,31,,1138,2025-10-06
3349,670,い〜やい〜やい〜や,い〜やい〜やい〜や,expert,24,,792,2025-12-15
3350,670,い〜やい〜やい〜や,い〜やい〜やい〜や,master,27,,809,2025-12-15
3353,671,怪獣になりたい,かいじゅうになりたい,hard,25,,1200,2025-11-23
3354,671,怪獣になりたい,かいじゅうになりたい,expert,32,,1600,2025-11-23
3355,671,怪獣になりたい,かいじゅうになりたい,master,35,,1900,2025-11-23
4132,671,怪獣になりたい,かいじゅうになりたい,append,38,,2800,2025-11-23
3359,672,ハウトゥー世界征服,はうとぅーせかいせいふく,expert,24,,803,2025-10-05
3360,672,ハウトゥー世界征服,はうとぅーせかいせいふく,master,29,,935,2025-10-05
3384,677,アベリア,あべりあ,expert,24,,865,2025-10-27
3385,677,アベリア,あべりあ,master,31,,1238,2025-10-27
3389,678,金時計,きんどけい,expert,24,,747,2025-11-12
3390,678,金時計,きんどけい,master,28,,830,2025-11-12
3394,679,CRASH THE PARTY,くらっしゅ ざ ぱーてぃ,expert,24,,818,2026-04-16
3395,679,CRASH THE PARTY,くらっしゅ ざ ぱーてぃ,master,29,,1135,2026-04-16
3399,680,Who?,ふー？,expert,24,,687,2026-04-20
3400,680,Who?,ふー？,master,27,,847,2026-04-20
3404,681,星に一番近い場所,ほしにいちばんちかいばしょ,expert,25,,964,2026-05-06
3405,681,星に一番近い場所,ほしにいちばんちかいばしょ,master,28,,1073,2026-05-06
3409,682,あなたしか見えないの,あなたしかみえないの,expert,25,,969,2026-05-18
3410,682,あなたしか見えないの,あなたしかみえないの,master,29,,972,2026-05-18
3414,683,カラフルファンデーション,からふるふぁんでーしょん,expert,24,,815,2026-03-10
3415,683,カラフルファンデーション,からふるふぁんでーしょん,master,29,,1091,2026-03-10
3420,684,ファイター,ふぁいたー,master,28,,826,2025-11-20
3424,685,電光刹歌,でんこうせっか,expert,28,,1086,2025-12-06
3425,685,電光刹歌,でんこうせっか,master,31,,1472,2025-12-06
3429,686,トレジャーガーデン,とれじゃーがーでん,expert,28,,1381,2025-12-09
3430,686,トレジャーガーデン,とれじゃーがーでん,master,33,,1468,2025-12-09
3434,687,ジェットブラック,じぇっとぶらっく,expert,26,,1052,2025-12-08
3435,687,ジェットブラック,じぇっとぶらっく,master,30,,1337,2025-12-08
3439,688,ウィーアーピコピコハンマーズ!!!!,うぃーあーぴこぴこはんまーず,expert,27,,1125,2025-12-07
3440,688,ウィーアーピコピコハンマーズ!!!!,うぃーあーぴこぴこはんまーず,master,32,,1416,2025-12-07
3444,689,最愛人生ランナー,さいあいじんせいらんなー,expert,27,,1039,2025-12-10
3445,689,最愛人生ランナー,さいあいじんせいらんなー,master,31,,1217,2025-12-10
3449,690,惑星ループ,わくせいるーぷ,expert,24,,857,2026-01-03
3450,690,惑星ループ,わくせいるーぷ,master,29,,1018,2026-01-03
4137,690,惑星ループ,わくせいるーぷ,append,28,,1171,2026-01-03
3453,691,0.0000034,れいてんれいれいれいれいれいさんよん,hard,24,,1234,2025-11-24
3454,691,0.0000034,れいてんれいれいれいれいれいさんよん,expert,31,,1634,2025-11-24
3455,691,0.0000034,れいてんれいれいれいれいれいさんよん,master,34,,1934,2025-11-24
4134,691,0.0000034,れいてんれいれいれいれいれいさんよん,append,37,,2334,2025-11-24
3459,692,ぼかろころしあむ,ぼかろころしあむ,expert,25,,805,2025-12-30
3460,692,ぼかろころしあむ,ぼかろころしあむ,master,30,,870,2025-12-30
3464,693,erase or zero,いれーすおあぜろ,expert,24,,845,2026-02-28
3465,693,erase or zero,いれーすおあぜろ,master,29,,991,2026-02-28
3474,695,花結び,はなむすび,expert,26,,989,2025-11-30
3475,695,花結び,はなむすび,master,29,,1106,2025-11-30
3479,696,ドリーム・キス,どりーむ・きす,expert,24,,515,2025-12-22
3480,696,ドリーム・キス,どりーむ・きす,master,29,,795,2025-12-22
3484,697,Internet Junk Junkie,いんたーねっとじゃんくじゃんきー,expert,28,,1105,2026-01-12
3485,697,Internet Junk Junkie,いんたーねっとじゃんくじゃんきー,master,33,,1341,2026-01-12
3489,698,鎖の少女-Re Alive-,くさりのしょうじょりあらいぶ,expert,24,,920,2026-01-06
3490,698,鎖の少女-Re Alive-,くさりのしょうじょりあらいぶ,master,29,,1029,2026-01-06
3495,699,Catch the Wave,きゃっちざうぇーぶ,master,27,,739,2026-03-09
3499,700,魔法少女とチョコレゐト,まほうしょうじょとちょこれいと,expert,25,,797,2026-01-01
3500,700,魔法少女とチョコレゐト,まほうしょうじょとちょこれいと,master,30,,930,2026-01-01
3509,702,ラムネ,らむね,expert,25,,951,2026-03-06
3510,702,ラムネ,らむね,master,29,,1018,2026-03-06
3514,703,バイオレンストリガー,ばいおれんすとりがー,expert,27,,1277,2026-03-14
3515,703,バイオレンストリガー,ばいおれんすとりがー,master,31,,1421,2026-03-14
3519,704,黒塗り世界宛て書簡,くろぬりせかいあてしょかん,expert,26,,930,2026-01-04
3520,704,黒塗り世界宛て書簡,くろぬりせかいあてしょかん,master,31,,1201,2026-01-04
3524,705,ラズベリー＊モンスター,らずべりーもんすたー,expert,25,,933,2026-06-05
3525,705,ラズベリー＊モンスター,らずべりーもんすたー,master,30,,1410,2026-06-05
3529,706,永遠甚だしい,えいえんはなはだしい,expert,25,,930,2026-06-12
3530,706,永遠甚だしい,えいえんはなはだしい,master,30,,1116,2026-06-12
3549,710,ヘッジホッグ,へっじほっぐ,expert,24,,837,2026-04-13
3550,710,ヘッジホッグ,へっじほっぐ,master,28,,1133,2026-04-13
3554,711,ワンダーラスト,わんだーらすと,expert,26,,1418,2026-04-02
3555,711,ワンダーラスト,わんだーらすと,master,31,,1577,2026-04-02
3559,712,比較症候群,ひかくしょうこうぐん,expert,24,,889,2026-05-22
3560,712,比較症候群,ひかくしょうこうぐん,master,30,,1125,2026-05-22
3564,713,Nyanyanyanyanyanyanya!,にゃにゃにゃにゃにゃにゃにゃ,expert,26,,1059,2026-04-05
3565,713,Nyanyanyanyanyanyanya!,にゃにゃにゃにゃにゃにゃにゃ,master,31,,1188,2026-04-05
3569,714,フロイライン＝オジョウサマ,ふろいらいんおじょうさま,expert,27,,1130,2026-04-04
3570,714,フロイライン＝オジョウサマ,ふろいらいんおじょうさま,master,31,,1234,2026-04-04
3574,715,魔法少女幸福論,まほうしょうじょこうふくろん,expert,26,,982,2026-05-02
3575,715,魔法少女幸福論,まほうしょうじょこうふくろん,master,31,,1115,2026-05-02
3579,716,透過する温度,とうかするおんど,expert,24,,608,2026-01-21
3580,716,透過する温度,とうかするおんど,master,29,,754,2026-01-21
3585,717,Ribbon,りぼん,master,27,,641,2026-02-15
3589,718,幕を下ろそう、パレードへ,まくをおろそうぱれーどへ,expert,25,,861,2026-02-14
3590,718,幕を下ろそう、パレードへ,まくをおろそうぱれーどへ,master,30,,875,2026-02-14
3594,719,SHIAWASE FOR YOU!,しあわせふぉーゆー,expert,25,,789,2026-02-08
3595,719,SHIAWASE FOR YOU!,しあわせふぉーゆー,master,30,,961,2026-02-08
3600,720,アリア,ありあ,master,29,,627,2026-02-13
3605,721,あいしていたのに,あいしていたのに,master,27,,580,2026-04-03
3609,722,ダイダイダイダイダイキライ,だいだいだいだいだいきらい,expert,24,,687,2026-03-31
3610,722,ダイダイダイダイダイキライ,だいだいだいだいだいきらい,master,30,,875,2026-03-31
3614,723,ラヴィ,らゔぃ,expert,26,,1080,2026-03-15
3615,723,ラヴィ,らゔぃ,master,30,,1281,2026-03-15
3619,724,ハオ,はお,expert,25,,964,2026-02-16
3620,724,ハオ,はお,master,29,,1202,2026-02-16
3629,726,アルカリレットウセイ,あるかりれっとうせい,expert,24,,854,2026-03-16
3630,726,アルカリレットウセイ,あるかりれっとうせい,master,30,,1211,2026-03-16
3634,727,T氏の話を信じるな,てぃーしのはなしをしんじるな,expert,26,,948,2026-04-06
3635,727,T氏の話を信じるな,てぃーしのはなしをしんじるな,master,30,,1089,2026-04-06
3639,728,スターダストレイン,すたーだすとれいん,expert,24,,671,2026-08-15
3640,728,スターダストレイン,すたーだすとれいん,master,27,,827,2026-08-15
3659,732,天藍のアイスヘヴン,てんらんのあいすへゔん,expert,28,,1228,2026-03-23
3660,732,天藍のアイスヘヴン,てんらんのあいすへゔん,master,33,,1462,2026-03-23
3664,733,いますぐ輪廻,いますぐりんね,expert,25,,796,2026-06-08
3665,733,いますぐ輪廻,いますぐりんね,master,30,,940,2026-06-08
3669,734,プロポーズ,ぷろぽーず,expert,24,,830,2026-06-01
3670,734,プロポーズ,ぷろぽーず,master,29,,1116,2026-06-01
3674,735,傀儡のうつつ,くぐつのうつつ,expert,24,,719,2026-03-30
3675,735,傀儡のうつつ,くぐつのうつつ,master,29,,888,2026-03-30
4148,735,傀儡のうつつ,くぐつのうつつ,append,30,,892,2026-03-30
3684,737,導火愛,どうかあい,expert,25,,883,2026-04-24
3685,737,導火愛,どうかあい,master,30,,963,2026-04-24
3690,738,ストラタでまちあわせ,すとらたでまちあわせ,master,27,,655,2026-05-25
3695,739,世界の歩き方,せかいのあるきかた,master,28,,780,2026-04-28
3700,740,羽歌,うか,master,28,,859,2026-05-08
4152,740,羽歌,うか,append,30,,944,2026-05-08
3704,741,アイ・メイカー！,あい・めいかー,expert,26,,1118,2026-07-06
3705,741,アイ・メイカー！,あい・めいかー,master,31,,1255,2026-07-06
3710,742,旅に帰る,たびにかえる,master,27,,876,2026-06-18
3714,743,ドリーマーズビート,どりーまーずびーと,expert,24,,670,2026-05-29
3715,743,ドリーマーズビート,どりーまーずびーと,master,28,,772,2026-05-29
3719,744,CHAOS,かおす,expert,27,,890,2026-06-22
3720,744,CHAOS,かおす,master,33,,1464,2026-06-22
4155,744,CHAOS,かおす,append,35,,1651,2026-06-22
3724,745,ANiMA,あにま,expert,29,,1059,2026-06-25
3725,745,ANiMA,あにま,master,33,,1248,2026-06-25
4156,745,ANiMA,あにま,append,36,,1808,2026-06-25
3729,746,Masquerade,ますかれーど,expert,25,,868,2026-06-26
3730,746,Masquerade,ますかれーど,master,30,,1015,2026-06-26
4157,746,Masquerade,ますかれーど,append,31,,1282,2026-06-26
3735,747,SAIRAI,さいらい,master,27,,727,2026-06-21
3739,748,Saika,さいか,expert,24,,875,2026-06-23
3740,748,Saika,さいか,master,28,,987,2026-06-23
3744,749,99 Glooms,ないんてぃないんぐるーむず,expert,27,,1017,2026-06-24
3745,749,99 Glooms,ないんてぃないんぐるーむず,master,31,,1347,2026-06-24
3749,750,ロスタイムメモリー,ろすたいむめもりー,expert,27,,997,2026-08-12
3750,750,ロスタイムメモリー,ろすたいむめもりー,master,31,,1314,2026-08-12
3754,751,アディショナルメモリー,あでぃしょなるめもりー,expert,27,,995,2026-08-10
3755,751,アディショナルメモリー,あでぃしょなるめもりー,master,31,,1226,2026-08-10
3760,752,アヤノの幸福理論,あやののこうふくりろん,master,27,,749,2026-08-14
3764,753,空想フォレスト,くうそうふぉれすと,expert,25,,917,2026-08-13
3765,753,空想フォレスト,くうそうふぉれすと,master,29,,925,2026-08-13
3769,754,光,ひかり,expert,24,,784,2026-07-09
3770,754,光,ひかり,master,29,,853,2026-07-09
3774,755,初音狂奏曲第01番「彗惺」,はつねきょうそうきょくだいいちばんすいせい,expert,31,,1581,2026-06-09
3775,755,初音狂奏曲第01番「彗惺」,はつねきょうそうきょくだいいちばんすいせい,master,34,,2025,2026-06-09
4161,755,初音狂奏曲第01番「彗惺」,はつねきょうそうきょくだいいちばんすいせい,append,37,,2586,2026-06-09
3779,756,Gimme more!,ぎみーもあ,expert,24,,721,2026-06-30
3780,756,Gimme more!,ぎみーもあ,master,28,,834,2026-06-30
4162,756,Gimme more!,ぎみーもあ,append,29,,1183,2026-06-30
3784,757,ひかりのあつめかた,ひかりのあつめかた,expert,24,,818,2026-06-15
3785,757,ひかりのあつめかた,ひかりのあつめかた,master,30,,1127,2026-06-15
3789,758,ラプス,らぷす,expert,24,,885,2026-07-17
3790,758,ラプス,らぷす,master,29,,1081,2026-07-17
3794,759,ハナタバ,はなたば,expert,25,,894,2026-07-13
3795,759,ハナタバ,はなたば,master,28,,938,2026-07-13
3799,760,オールイン・ワン,おーるいんわん,expert,24,,1029,2026-06-20
3800,760,オールイン・ワン,おーるいんわん,master,30,,1357,2026-06-20
3819,764,オツキミリサイタル,おつきみりさいたる,expert,25,,972,2026-08-11
3820,764,オツキミリサイタル,おつきみりさいたる,master,29,,1104,2026-08-11
3825,765,レム,れむ,master,26,,537,2026-07-29
3939,788,アンチサイノウ,あんちさいのう,expert,27,,790,2026-08-27
3940,788,アンチサイノウ,あんちさいのう,master,30,,854,2026-08-27
3944,789,天秤、指先で触れて,てんびん、ゆびさきでふれて,expert,24,,866,2026-07-31
3945,789,天秤、指先で触れて,てんびん、ゆびさきでふれて,master,28,,1012,2026-07-31
3950,790,ピッコーン！！,ぴっこーん,master,27,,1056,2026-07-23
3954,791,シティライツ,してぃらいつ,expert,24,,649,2026-07-22
3955,791,シティライツ,してぃらいつ,master,29,,943,2026-07-22
3960,792,アストロノーツ,あすとろのーつ,master,25,,523,2026-07-21
3969,794,デロスサントス,でろすさんとす,expert,24,,763,2026-08-03
3970,794,デロスサントス,でろすさんとす,master,29,,936,2026-08-03
3974,795,一億年恋してる,いちおくねんこいしてる,expert,26,,904,2026-08-04
3975,795,一億年恋してる,いちおくねんこいしてる,master,31,,1310,2026-08-04
4178,802,君に贈る未来,きみにおくるみらい,expert,24,,974,2026-08-24
4179,802,君に贈る未来,きみにおくるみらい,master,30,,1195,2026-08-24
4185,803,空に免じて,そらにめんじて,master,26,,539,2026-08-28
4190,804,正解,せいかい,expert,27,,815,2026-09-06
4191,804,正解,せいかい,master,31,,1210,2026-09-06
